Workbook
Name SegmentaciónDeDatos_CLIENTE: #N/A
Name SegmentaciónDeDatos_COLOR: #N/A
Name SegmentaciónDeDatos_Fecha: #N/A

Sheet Codigo 
A1: 0 | E1: Serie documento | G1: Fecha | H1: Cantidad | I1: EXISTENTE | J1: PEDIDO FALTANTE | K1: % | L1: FECHA DE ENTREGA | M1: PRODUCCION | N1: FECHA LOGISTICA
A2: Producto: 2130002716050701 / BISA PLATO LISO 27 BLANCO C/F NEGRO DECORADO | B2: =+MID(A2,13,6) -> 300027 | C2: =_xlfn.CONCAT(+VLOOKUP(VALUE(MID(A2,13,2)),'Tabla de codigos'!$A$2:$B$60,2,1)," ",VLOOKUP(VALUE(MID(A2,15,4)),'Tabla de codigos'!$E$2:$F$102,2,1)) -> PLATO LISO 27 | D2: AEZKOA | E2: VT2 | F2: 00004838 | G2: 02/04/2025 | H2: 357 | I2: 0 | J2: =+H2-I2 -> 357 | K2: =(SUM(I2))/(SUM(H2)) -> 0
A3: Producto: 2111001327010101 / BISA CUBETA 10 NEGRO MOTAS | B3: =+MID(A3,13,6) -> 110013 | C3: =_xlfn.CONCAT(+VLOOKUP(VALUE(MID(A3,13,2)),'Tabla de codigos'!$A$2:$B$60,2,1)," ",VLOOKUP(VALUE(MID(A3,15,4)),'Tabla de codigos'!$E$2:$F$102,2,1)) -> CUBETA 10 | D3: ARGELIA BERENICE CONTRERAS VALDÉS | E3: VT1 | F3: 00003517 | G3: 30/01/2025 | H3: 30 | I3: 1 | J3: =+H3-I3 -> 29 | K3: =(SUM(I3))/(SUM(H3)) -> 0.033333333 | O3: =(H3)/(IF(A3="","-",VLOOKUP(A3,'[1]CATALOGO PZXCAJA'!$A$2:$C$5000,2,0))) -> 2.5
A4: Producto: 2101002516050101 / BISA BACINICA 24 BLANCO C/F NEGRO | B4: =+MID(A4,13,6) -> 010025 | C4: =_xlfn.CONCAT(+VLOOKUP(VALUE(MID(A4,13,2)),'Tabla de codigos'!$A$2:$B$60,2,1)," ",VLOOKUP(VALUE(MID(A4,15,4)),'Tabla de codigos'!$E$2:$F$102,2,1)) -> BACINICA 24 | D4: Casa Valle Chab | E4: VT2 | F4: 00004759 | G4: 15/01/2025 | H4: 36 | I4: 5 | J4: =+H4-I4 -> 31 | K4: =(SUM(I4))/(SUM(H4)) -> 0.13888889 | O4: =(H4)/(IF(A4="","-",VLOOKUP(A4,'[1]CATALOGO PZXCAJA'!$A$2:$C$5000,2,0))) -> 3
A5: Producto: 2142002129010101 / BISA TORTILLERO 18 ROJO | B5: =+MID(A5,13,6) -> 420021 | C5: =_xlfn.CONCAT(+VLOOKUP(VALUE(MID(A5,13,2)),'Tabla de codigos'!$A$2:$B$60,2,1)," ",VLOOKUP(VALUE(MID(A5,15,4)),'Tabla de codigos'!$E$2:$F$102,2,1)) -> TORTILLERO 18 | D5: COCINA MEXICANA | E5: VT1 | F5: 00003523 | G5: 04/02/2025 | H5: 96 | I5: 0 | J5: =+H5-I5 -> 96 | K5: =(SUM(I5))/(SUM(H5)) -> 0
A6: Producto: 2130001702010101 / BISA PLATO LISO 16 A/T | B6: =+MID(A6,13,6) -> 300017 | C6: =_xlfn.CONCAT(+VLOOKUP(VALUE(MID(A6,13,2)),'Tabla de codigos'!$A$2:$B$60,2,1)," ",VLOOKUP(VALUE(MID(A6,15,4)),'Tabla de codigos'!$E$2:$F$102,2,1)) -> PLATO LISO 16 | D6: COMPARTIENDO CON EL CHEF | E6: VT1 | F6: 00003518 | G6: 04/02/2025 | H6: 48 | I6: 3 | J6: =+H6-I6 -> 45 | O6: =(H6)/(IF(A6="","-",VLOOKUP(A6,'[1]CATALOGO PZXCAJA'!$A$2:$C$5000,2,0))) -> 8
A7: Producto: 2130002202010101 / BISA PLATO LISO 20 A/T | B7: =+MID(A7,13,6) -> 300022 | C7: =_xlfn.CONCAT(+VLOOKUP(VALUE(MID(A7,13,2)),'Tabla de codigos'!$A$2:$B$60,2,1)," ",VLOOKUP(VALUE(MID(A7,15,4)),'Tabla de codigos'!$E$2:$F$102,2,1)) -> PLATO LISO 20 | D7: COMPARTIENDO CON EL CHEF | E7: VT1 | F7: 00003518 | G7: 04/02/2025 | H7: 72 | I7: =6+3 -> 9 | J7: =+H7-I7 -> 63 | O7: =(H7)/(IF(A7="","-",VLOOKUP(A7,'[1]CATALOGO PZXCAJA'!$A$2:$C$5000,2,0))) -> 12
A8: Producto: 2130002702010101 / BISA PLATO LISO 27 A/T | B8: =+MID(A8,13,6) -> 300027 | C8: =_xlfn.CONCAT(+VLOOKUP(VALUE(MID(A8,13,2)),'Tabla de codigos'!$A$2:$B$60,2,1)," ",VLOOKUP(VALUE(MID(A8,15,4)),'Tabla de codigos'!$E$2:$F$102,2,1)) -> PLATO LISO 27 | D8: COMPARTIENDO CON EL CHEF | E8: VT1 | F8: 00003518 | G8: 04/02/2025 | H8: 72 | I8: =6+66 -> 72 | J8: =+H8-I8 -> 0 | K8: =(SUM(I6:I8))/(SUM(H6:H8)) -> 0.4375 | O8: =(H8)/(IF(A8="","-",VLOOKUP(A8,'[1]CATALOGO PZXCAJA'!$A$2:$C$5000,2,0))) -> 12
A9: Producto: 1103000919010101 / BISA BAÑO 5 GALVANIZADO | B9: =+MID(A9,13,6) -> 030009 | C9: =_xlfn.CONCAT(+VLOOKUP(VALUE(MID(A9,13,2)),'Tabla de codigos'!$A$2:$B$60,2,1)," ",VLOOKUP(VALUE(MID(A9,15,4)),'Tabla de codigos'!$E$2:$F$102,2,1)) -> BAÑO 5 | D9: ERENDIRA MARLENE GOMEZ RIVAS | E9: BO | F9: 00000749 | G9: 08/10/2024 | H9: 40 | I9: 0 | J9: =+H9-I9 -> 40 | O9: =(H9)/(IF(A9="","-",VLOOKUP(A9,'[1]CATALOGO PZXCAJA'!$A$2:$C$5000,2,0))) -> #N/A
A10: Producto: 1103001019010101 / BISA BAÑO 6 GALVANIZADO | B10: =+MID(A10,13,6) -> 030010 | C10: =_xlfn.CONCAT(+VLOOKUP(VALUE(MID(A10,13,2)),'Tabla de codigos'!$A$2:$B$60,2,1)," ",VLOOKUP(VALUE(MID(A10,15,4)),'Tabla de codigos'!$E$2:$F$102,2,1)) -> BAÑO 6 | D10: ERENDIRA MARLENE GOMEZ RIVAS | E10: BO | F10: 00000749 | G10: 08/10/2024 | H10: 14 | I10: 0 | J10: =+H10-I10 -> 14 | K10: =(SUM(I9:I10))/(SUM(H9:H10)) -> 0 | O10: =(H10)/(IF(A10="","-",VLOOKUP(A10,'[1]CATALOGO PZXCAJA'!$A$2:$C$5000,2,0))) -> #N/A
A11: Producto: 2106003302010101 / BISA BUDINERA 42 A/T | B11: =+MID(A11,13,6) -> 060033 | C11: =_xlfn.CONCAT(+VLOOKUP(VALUE(MID(A11,13,2)),'Tabla de codigos'!$A$2:$B$60,2,1)," ",VLOOKUP(VALUE(MID(A11,15,4)),'Tabla de codigos'!$E$2:$F$102,2,1)) -> BUDINERA 42 | D11: ERENDIRA MARLENE GOMEZ RIVAS | E11: BO | F11: 00000757 | G11: 08/10/2024 | H11: 12 | I11: 0 | J11: =+H11-I11 -> 12 | O11: =(H11)/(IF(A11="","-",VLOOKUP(A11,'[1]CATALOGO PZXCAJA'!$A$2:$C$5000,2,0))) -> 6
A12: Producto: 2111001227010101 / BISA CUBETA 8 NEGRO MOTAS | B12: =+MID(A12,13,6) -> 110012 | C12: =_xlfn.CONCAT(+VLOOKUP(VALUE(MID(A12,13,2)),'Tabla de codigos'!$A$2:$B$60,2,1)," ",VLOOKUP(VALUE(MID(A12,15,4)),'Tabla de codigos'!$E$2:$F$102,2,1)) -> CUBETA 8 | D12: ERENDIRA MARLENE GOMEZ RIVAS | E12: BO | F12: 00000757 | G12: 08/10/2024 | H12: 24 | I12: 24 | J12: =+H12-I12 -> 0 | O12: =(H12)/(IF(A12="","-",VLOOKUP(A12,'[1]CATALOGO PZXCAJA'!$A$2:$C$5000,2,0))) -> 2
A13: Producto: 2111001327010101 / BISA CUBETA 10 NEGRO MOTAS | B13: =+MID(A13,13,6) -> 110013 | C13: =_xlfn.CONCAT(+VLOOKUP(VALUE(MID(A13,13,2)),'Tabla de codigos'!$A$2:$B$60,2,1)," ",VLOOKUP(VALUE(MID(A13,15,4)),'Tabla de codigos'!$E$2:$F$102,2,1)) -> CUBETA 10 | D13: ERENDIRA MARLENE GOMEZ RIVAS | E13: BO | F13: 00000757 | G13: 08/10/2024 | H13: 2 | I13: 2 | J13: =+H13-I13 -> 0 | O13: =(H13)/(IF(A13="","-",VLOOKUP(A13,'[1]CATALOGO PZXCAJA'!$A$2:$C$5000,2,0))) -> 0.16666667
A14: Producto: 2111001427010101 / BISA CUBETA 12 NEGRO MOTAS | B14: =+MID(A14,13,6) -> 110014 | C14: =_xlfn.CONCAT(+VLOOKUP(VALUE(MID(A14,13,2)),'Tabla de codigos'!$A$2:$B$60,2,1)," ",VLOOKUP(VALUE(MID(A14,15,4)),'Tabla de codigos'!$E$2:$F$102,2,1)) -> CUBETA 12 | D14: ERENDIRA MARLENE GOMEZ RIVAS | E14: BO | F14: 00000757 | G14: 08/10/2024 | H14: 24 | I14: 24 | J14: =+H14-I14 -> 0 | O14: =(H14)/(IF(A14="","-",VLOOKUP(A14,'[1]CATALOGO PZXCAJA'!$A$2:$C$5000,2,0))) -> 2
A15: Producto: 2111001527010101 / BISA CUBETA 14 NEGRO MOTAS | B15: =+MID(A15,13,6) -> 110015 | C15: =_xlfn.CONCAT(+VLOOKUP(VALUE(MID(A15,13,2)),'Tabla de codigos'!$A$2:$B$60,2,1)," ",VLOOKUP(VALUE(MID(A15,15,4)),'Tabla de codigos'!$E$2:$F$102,2,1)) -> CUBETA 14 | D15: ERENDIRA MARLENE GOMEZ RIVAS | E15: BO | F15: 00000757 | G15: 08/10/2024 | H15: 16 | I15: 16 | J15: =+H15-I15 -> 0 | O15: =(H15)/(IF(A15="","-",VLOOKUP(A15,'[1]CATALOGO PZXCAJA'!$A$2:$C$5000,2,0))) -> 1.3333333
A16: Producto: 2124002402010101 / BISA OLLA CONVEXA 22 A/T | B16: =+MID(A16,13,6) -> 240024 | C16: =_xlfn.CONCAT(+VLOOKUP(VALUE(MID(A16,13,2)),'Tabla de codigos'!$A$2:$B$60,2,1)," ",VLOOKUP(VALUE(MID(A16,15,4)),'Tabla de codigos'!$E$2:$F$102,2,1)) -> OLLA CONVEXA 22 | D16: ERENDIRA MARLENE GOMEZ RIVAS | E16: BO | F16: 00000757 | G16: 08/10/2024 | H16: 6 | I16: 6 | J16: =+H16-I16 -> 0 | O16: =(H16)/(IF(A16="","-",VLOOKUP(A16,'[1]CATALOGO PZXCAJA'!$A$2:$C$5000,2,0))) -> 1
A17: Producto: 2136002502010101 / BISA SARTEN 24 A/T | B17: =+MID(A17,13,6) -> 360025 | C17: =_xlfn.CONCAT(+VLOOKUP(VALUE(MID(A17,13,2)),'Tabla de codigos'!$A$2:$B$60,2,1)," ",VLOOKUP(VALUE(MID(A17,15,4)),'Tabla de codigos'!$E$2:$F$102,2,1)) -> SARTEN 24 | D17: ERENDIRA MARLENE GOMEZ RIVAS | E17: BO | F17: 00000757 | G17: 08/10/2024 | H17: 36 | I17: 3 | J17: =+H17-I17 -> 33 | K17: =(SUM(I11:I17))/(SUM(H11:H17)) -> 0.625 | O17: =(H17)/(IF(A17="","-",VLOOKUP(A17,'[1]CATALOGO PZXCAJA'!$A$2:$C$5000,2,0))) -> 3
A18: Producto: 1103000819010101 / BISA BAÑO 4 GALVANIZADO | B18: =+MID(A18,13,6) -> 030008 | C18: =_xlfn.CONCAT(+VLOOKUP(VALUE(MID(A18,13,2)),'Tabla de codigos'!$A$2:$B$60,2,1)," ",VLOOKUP(VALUE(MID(A18,15,4)),'Tabla de codigos'!$E$2:$F$102,2,1)) -> BAÑO 4 | D18: EVELIA MELCHOR | E18: BO | F18: 00000765 | G18: 02/12/2024 | H18: 50 | I18: 0 | J18: =+H18-I18 -> 50 | O18: =(H18)/(IF(A18="","-",VLOOKUP(A18,'[1]CATALOGO PZXCAJA'!$A$2:$C$5000,2,0))) -> #N/A
A19: Producto: 1103000919010101 / BISA BAÑO 5 GALVANIZADO | B19: =+MID(A19,13,6) -> 030009 | C19: =_xlfn.CONCAT(+VLOOKUP(VALUE(MID(A19,13,2)),'Tabla de codigos'!$A$2:$B$60,2,1)," ",VLOOKUP(VALUE(MID(A19,15,4)),'Tabla de codigos'!$E$2:$F$102,2,1)) -> BAÑO 5 | D19: EVELIA MELCHOR | E19: BO | F19: 00000765 | G19: 02/12/2024 | H19: 100 | I19: 0 | J19: =+H19-I19 -> 100 | O19: =(H19)/(IF(A19="","-",VLOOKUP(A19,'[1]CATALOGO PZXCAJA'!$A$2:$C$5000,2,0))) -> #N/A
A20: Producto: 1111001219010101 / BISA CUBETA 8 GALVANIZADO | B20: =+MID(A20,13,6) -> 110012 | C20: =_xlfn.CONCAT(+VLOOKUP(VALUE(MID(A20,13,2)),'Tabla de codigos'!$A$2:$B$60,2,1)," ",VLOOKUP(VALUE(MID(A20,15,4)),'Tabla de codigos'!$E$2:$F$102,2,1)) -> CUBETA 8 | D20: EVELIA MELCHOR | E20: BO | F20: 00000765 | G20: 02/12/2024 | H20: 25 | I20: 0 | J20: =+H20-I20 -> 25 | O20: =(H20)/(IF(A20="","-",VLOOKUP(A20,'[1]CATALOGO PZXCAJA'!$A$2:$C$5000,2,0))) -> #N/A
A21: Producto: 1111001419010101 / BISA CUBETA 12 GALVANIZADO | B21: =+MID(A21,13,6) -> 110014 | C21: =_xlfn.CONCAT(+VLOOKUP(VALUE(MID(A21,13,2)),'Tabla de codigos'!$A$2:$B$60,2,1)," ",VLOOKUP(VALUE(MID(A21,15,4)),'Tabla de codigos'!$E$2:$F$102,2,1)) -> CUBETA 12 | D21: EVELIA MELCHOR | E21: BO | F21: 00000765 | G21: 02/12/2024 | H21: 50 | I21: 50 | J21: =+H21-I21 -> 0 | K21: =(SUM(I18:I21))/(SUM(H18:H21)) -> 0.22222222 | O21: =(H21)/(IF(A21="","-",VLOOKUP(A21,'[1]CATALOGO PZXCAJA'!$A$2:$C$5000,2,0))) -> #N/A
A22: Producto: 2111000927010101 / BISA CUBETA 5 NEGRO MOTAS | B22: =+MID(A22,13,6) -> 110009 | C22: =_xlfn.CONCAT(+VLOOKUP(VALUE(MID(A22,13,2)),'Tabla de codigos'!$A$2:$B$60,2,1)," ",VLOOKUP(VALUE(MID(A22,15,4)),'Tabla de codigos'!$E$2:$F$102,2,1)) -> CUBETA 5 | D22: GASTROART | E22: VT1 | F22: 00003536 | G22: 14/03/2025 | H22: 24 | I22: 0 | J22: =+H22-I22 -> 24
A23: Producto: 2133000927010101 / BISA POCILLO 5 NEGRO MOTAS | B23: =+MID(A23,13,6) -> 330009 | C23: =_xlfn.CONCAT(+VLOOKUP(VALUE(MID(A23,13,2)),'Tabla de codigos'!$A$2:$B$60,2,1)," ",VLOOKUP(VALUE(MID(A23,15,4)),'Tabla de codigos'!$E$2:$F$102,2,1)) -> POCILLO 5 | D23: GASTROART | E23: VT1 | F23: 00003536 | G23: 14/03/2025 | H23: 144 | I23: 144 | J23: =+H23-I23 -> 0 | K23: =(SUM(I22:I23))/(SUM(H22:H23)) -> 0.85714286
A24: Producto: 2108002117010101 / BISA CAZUELA 18 COBALTO | B24: =+MID(A24,13,6) -> 080021 | C24: =_xlfn.CONCAT(+VLOOKUP(VALUE(MID(A24,13,2)),'Tabla de codigos'!$A$2:$B$60,2,1)," ",VLOOKUP(VALUE(MID(A24,15,4)),'Tabla de codigos'!$E$2:$F$102,2,1)) -> CAZUELA 18 | D24: GRUPO EMPRESARIAL | E24: BO | F24: 00000793 | G24: 11/04/2025 | H24: 48 | I24: 6 | J24: =+H24-I24 -> 42
A25: Producto: 2108002121010101 / BISA CAZUELA 18 GRIS | B25: =+MID(A25,13,6) -> 080021 | C25: =_xlfn.CONCAT(+VLOOKUP(VALUE(MID(A25,13,2)),'Tabla de codigos'!$A$2:$B$60,2,1)," ",VLOOKUP(VALUE(MID(A25,15,4)),'Tabla de codigos'!$E$2:$F$102,2,1)) -> CAZUELA 18 | D25: GRUPO EMPRESARIAL | E25: BO | F25: 00000793 | G25: 11/04/2025 | H25: 48 | I25: =5+7+12 -> 24 | J25: =+H25-I25 -> 24
A26: Producto: 2108002129010101 / BISA CAZUELA 18 ROJO | B26: =+MID(A26,13,6) -> 080021 | C26: =_xlfn.CONCAT(+VLOOKUP(VALUE(MID(A26,13,2)),'Tabla de codigos'!$A$2:$B$60,2,1)," ",VLOOKUP(VALUE(MID(A26,15,4)),'Tabla de codigos'!$E$2:$F$102,2,1)) -> CAZUELA 18 | D26: GRUPO EMPRESARIAL | E26: BO | F26: 00000793 | G26: 11/04/2025 | H26: 36 | I26: 2 | J26: =+H26-I26 -> 34
A27: Producto: 2108002517010101 / BISA CAZUELA 24 COBALTO | B27: =+MID(A27,13,6) -> 080025 | C27: =_xlfn.CONCAT(+VLOOKUP(VALUE(MID(A27,13,2)),'Tabla de codigos'!$A$2:$B$60,2,1)," ",VLOOKUP(VALUE(MID(A27,15,4)),'Tabla de codigos'!$E$2:$F$102,2,1)) -> CAZUELA 24 | D27: GRUPO EMPRESARIAL | E27: BO | F27: 00000793 | G27: 11/04/2025 | H27: 24 | I27: 0 | J27: =+H27-I27 -> 24
A28: Producto: 2108002521010101 / BISA CAZUELA 24 GRIS | B28: =+MID(A28,13,6) -> 080025 | C28: =_xlfn.CONCAT(+VLOOKUP(VALUE(MID(A28,13,2)),'Tabla de codigos'!$A$2:$B$60,2,1)," ",VLOOKUP(VALUE(MID(A28,15,4)),'Tabla de codigos'!$E$2:$F$102,2,1)) -> CAZUELA 24 | D28: GRUPO EMPRESARIAL | E28: BO | F28: 00000793 | G28: 11/04/2025 | H28: 24 | I28: 0 | J28: =+H28-I28 -> 24
A29: Producto: 2108002529010101 / BISA CAZUELA 24 ROJO | B29: =+MID(A29,13,6) -> 080025 | C29: =_xlfn.CONCAT(+VLOOKUP(VALUE(MID(A29,13,2)),'Tabla de codigos'!$A$2:$B$60,2,1)," ",VLOOKUP(VALUE(MID(A29,15,4)),'Tabla de codigos'!$E$2:$F$102,2,1)) -> CAZUELA 24 | D29: GRUPO EMPRESARIAL | E29: BO | F29: 00000793 | G29: 11/04/2025 | H29: 24 | I29: 1 | J29: =+H29-I29 -> 23
A30: Producto: 2123001816050101 / RECIPIENTE MULTIUSOS RAYADO 15.5 BLANCO C/F NEGRO | B30: =+MID(A30,13,6) -> 230018 | C30: =_xlfn.CONCAT(+VLOOKUP(VALUE(MID(A30,13,2)),'Tabla de codigos'!$A$2:$B$60,2,1)," ",VLOOKUP(VALUE(MID(A30,15,4)),'Tabla de codigos'!$E$2:$F$102,2,1)) -> MULTIUSOS RAYADO 16.5 | D30: GRUPO EMPRESARIAL | E30: BO | F30: 00000793 | G30: 11/04/2025 | H30: 12 | I30: 1 | J30: =+H30-I30 -> 11
A31: Producto: 2126002202010101 / BISA PLATO AVENERO 20 A/T | B31: =+MID(A31,13,6) -> 260022 | C31: =_xlfn.CONCAT(+VLOOKUP(VALUE(MID(A31,13,2)),'Tabla de codigos'!$A$2:$B$60,2,1)," ",VLOOKUP(VALUE(MID(A31,15,4)),'Tabla de codigos'!$E$2:$F$102,2,1)) -> PLATO AVENERO 20 | D31: GRUPO EMPRESARIAL | E31: BO | F31: 00000793 | G31: 11/04/2025 | H31: 120 | I31: =91+29 -> 120 | J31: =+H31-I31 -> 0
A32: Producto: 2128001726010101 / BISA PLATO BISTRO 16 NEGRO | B32: =+MID(A32,13,6) -> 280017 | C32: =_xlfn.CONCAT(+VLOOKUP(VALUE(MID(A32,13,2)),'Tabla de codigos'!$A$2:$B$60,2,1)," ",VLOOKUP(VALUE(MID(A32,15,4)),'Tabla de codigos'!$E$2:$F$102,2,1)) -> PLATO BISTRO 16 | D32: GRUPO EMPRESARIAL | E32: BO | F32: 00000793 | G32: 11/04/2025 | H32: 12 | I32: 4 | J32: =+H32-I32 -> 8
A33: Producto: 2130001730010101 / BISA PLATO LISO 16 ROJO MOTAS | B33: =+MID(A33,13,6) -> 300017 | C33: =_xlfn.CONCAT(+VLOOKUP(VALUE(MID(A33,13,2)),'Tabla de codigos'!$A$2:$B$60,2,1)," ",VLOOKUP(VALUE(MID(A33,15,4)),'Tabla de codigos'!$E$2:$F$102,2,1)) -> PLATO LISO 16 | D33: GRUPO EMPRESARIAL | E33: BO | F33: 00000793 | G33: 11/04/2025 | H33: 30 | I33: 0 | J33: =+H33-I33 -> 30
A34: Producto: 2130002516050101 / BISA PLATO LISO 24 BLANCO C/F NEGRO | B34: =+MID(A34,13,6) -> 300025 | C34: =_xlfn.CONCAT(+VLOOKUP(VALUE(MID(A34,13,2)),'Tabla de codigos'!$A$2:$B$60,2,1)," ",VLOOKUP(VALUE(MID(A34,15,4)),'Tabla de codigos'!$E$2:$F$102,2,1)) -> PLATO LISO 24 | D34: GRUPO EMPRESARIAL | E34: BO | F34: 00000793 | G34: 11/04/2025 | H34: 24 | I34: 24 | J34: =+H34-I34 -> 0
A35: Producto: 2130002516070101 / BISA PLATO LISO 24 BLANCO C/F ROJO | B35: =+MID(A35,13,6) -> 300025 | C35: =_xlfn.CONCAT(+VLOOKUP(VALUE(MID(A35,13,2)),'Tabla de codigos'!$A$2:$B$60,2,1)," ",VLOOKUP(VALUE(MID(A35,15,4)),'Tabla de codigos'!$E$2:$F$102,2,1)) -> PLATO LISO 24 | D35: GRUPO EMPRESARIAL | E35: BO | F35: 00000793 | G35: 11/04/2025 | H35: 6 | I35: 0 | J35: =+H35-I35 -> 6
A36: Producto: 2130002716040101 / BISA PLATO LISO 27 BLANCO C/F GRIS | B36: =+MID(A36,13,6) -> 300027 | C36: =_xlfn.CONCAT(+VLOOKUP(VALUE(MID(A36,13,2)),'Tabla de codigos'!$A$2:$B$60,2,1)," ",VLOOKUP(VALUE(MID(A36,15,4)),'Tabla de codigos'!$E$2:$F$102,2,1)) -> PLATO LISO 27 | D36: GRUPO EMPRESARIAL | E36: BO | F36: 00000793 | G36: 11/04/2025 | H36: 24 | I36: 12 | J36: =+H36-I36 -> 12
A37: Producto: 2130002716050101 / BISA PLATO LISO 27 BLANCO C/F NEGRO | B37: =+MID(A37,13,6) -> 300027 | C37: =_xlfn.CONCAT(+VLOOKUP(VALUE(MID(A37,13,2)),'Tabla de codigos'!$A$2:$B$60,2,1)," ",VLOOKUP(VALUE(MID(A37,15,4)),'Tabla de codigos'!$E$2:$F$102,2,1)) -> PLATO LISO 27 | D37: GRUPO EMPRESARIAL | E37: BO | F37: 00000793 | G37: 11/04/2025 | H37: 30 | I37: 30 | J37: =+H37-I37 -> 0
A38: Producto: 2133000902010101 / BISA POCILLO 5 A/T | B38: =+MID(A38,13,6) -> 330009 | C38: =_xlfn.CONCAT(+VLOOKUP(VALUE(MID(A38,13,2)),'Tabla de codigos'!$A$2:$B$60,2,1)," ",VLOOKUP(VALUE(MID(A38,15,4)),'Tabla de codigos'!$E$2:$F$102,2,1)) -> POCILLO 5 | D38: GRUPO EMPRESARIAL | E38: BO | F38: 00000793 | G38: 11/04/2025 | H38: 120 | I38: =12+96+12 -> 120 | J38: =+H38-I38 -> 0
A39: Producto: 2133000916040101 / BISA POCILLO 5 BLANCO C/F GRIS | B39: =+MID(A39,13,6) -> 330009 | C39: =_xlfn.CONCAT(+VLOOKUP(VALUE(MID(A39,13,2)),'Tabla de codigos'!$A$2:$B$60,2,1)," ",VLOOKUP(VALUE(MID(A39,15,4)),'Tabla de codigos'!$E$2:$F$102,2,1)) -> POCILLO 5 | D39: GRUPO EMPRESARIAL | E39: BO | F39: 00000793 | G39: 11/04/2025 | H39: 120 | I39: =3+117 -> 120 | J39: =+H39-I39 -> 0
A40: Producto: 2133000916050101 / BISA POCILLO 5 BLANCO C/F NEGRO | B40: =+MID(A40,13,6) -> 330009 | C40: =_xlfn.CONCAT(+VLOOKUP(VALUE(MID(A40,13,2)),'Tabla de codigos'!$A$2:$B$60,2,1)," ",VLOOKUP(VALUE(MID(A40,15,4)),'Tabla de codigos'!$E$2:$F$102,2,1)) -> POCILLO 5 | D40: GRUPO EMPRESARIAL | E40: BO | F40: 00000793 | G40: 11/04/2025 | H40: 120 | I40: =51+69 -> 120 | J40: =+H40-I40 -> 0
A41: Producto: 2133000917010101 / BISA POCILLO 5 COBALTO | B41: =+MID(A41,13,6) -> 330009 | C41: =_xlfn.CONCAT(+VLOOKUP(VALUE(MID(A41,13,2)),'Tabla de codigos'!$A$2:$B$60,2,1)," ",VLOOKUP(VALUE(MID(A41,15,4)),'Tabla de codigos'!$E$2:$F$102,2,1)) -> POCILLO 5 | D41: GRUPO EMPRESARIAL | E41: BO | F41: 00000793 | G41: 11/04/2025 | H41: 120 | I41: 22 | J41: =+H41-I41 -> 98
A42: Producto: 2133000921010101 / BISA POCILLO 5 GRIS | B42: =+MID(A42,13,6) -> 330009 | C42: =_xlfn.CONCAT(+VLOOKUP(VALUE(MID(A42,13,2)),'Tabla de codigos'!$A$2:$B$60,2,1)," ",VLOOKUP(VALUE(MID(A42,15,4)),'Tabla de codigos'!$E$2:$F$102,2,1)) -> POCILLO 5 | D42: GRUPO EMPRESARIAL | E42: BO | F42: 00000793 | G42: 11/04/2025 | H42: 72 | I42: 72 | J42: =+H42-I42 -> 0
A43: Producto: 2133001002010101 / BISA POCILLO 6 A/T | B43: =+MID(A43,13,6) -> 330010 | C43: =_xlfn.CONCAT(+VLOOKUP(VALUE(MID(A43,13,2)),'Tabla de codigos'!$A$2:$B$60,2,1)," ",VLOOKUP(VALUE(MID(A43,15,4)),'Tabla de codigos'!$E$2:$F$102,2,1)) -> POCILLO 6 | D43: GRUPO EMPRESARIAL | E43: BO | F43: 00000793 | G43: 11/04/2025 | H43: 96 | I43: =86+10 -> 96 | J43: =+H43-I43 -> 0
A44: Producto: 2133001217010101 / BISA POCILLO 8 COBALTO | B44: =+MID(A44,13,6) -> 330012 | C44: =_xlfn.CONCAT(+VLOOKUP(VALUE(MID(A44,13,2)),'Tabla de codigos'!$A$2:$B$60,2,1)," ",VLOOKUP(VALUE(MID(A44,15,4)),'Tabla de codigos'!$E$2:$F$102,2,1)) -> POCILLO 8 | D44: GRUPO EMPRESARIAL | E44: BO | F44: 00000793 | G44: 11/04/2025 | H44: 96 | I44: 16 | J44: =+H44-I44 -> 80
A45: Producto: 2139001602010101 / BISA TAZON 15.5 A/T | B45: =+MID(A45,13,6) -> 390016 | C45: =_xlfn.CONCAT(+VLOOKUP(VALUE(MID(A45,13,2)),'Tabla de codigos'!$A$2:$B$60,2,1)," ",VLOOKUP(VALUE(MID(A45,15,4)),'Tabla de codigos'!$E$2:$F$102,2,1)) -> TAZON 15.5 | D45: GRUPO EMPRESARIAL | E45: BO | F45: 00000793 | G45: 11/04/2025 | H45: 120 | I45: =8+12 -> 20 | J45: =+H45-I45 -> 100
A46: Producto: 2139001616030101 / BISA TAZON 15.5 BLANCO C/F COBALTO | B46: =+MID(A46,13,6) -> 390016 | C46: =_xlfn.CONCAT(+VLOOKUP(VALUE(MID(A46,13,2)),'Tabla de codigos'!$A$2:$B$60,2,1)," ",VLOOKUP(VALUE(MID(A46,15,4)),'Tabla de codigos'!$E$2:$F$102,2,1)) -> TAZON 15.5 | D46: GRUPO EMPRESARIAL | E46: BO | F46: 00000793 | G46: 11/04/2025 | H46: 96 | I46: =2+12+82 -> 96 | J46: =+H46-I46 -> 0
A47: Producto: 2139001616040101 / BISA TAZON 15.5 BLANCO C/F GRIS | B47: =+MID(A47,13,6) -> 390016 | C47: =_xlfn.CONCAT(+VLOOKUP(VALUE(MID(A47,13,2)),'Tabla de codigos'!$A$2:$B$60,2,1)," ",VLOOKUP(VALUE(MID(A47,15,4)),'Tabla de codigos'!$E$2:$F$102,2,1)) -> TAZON 15.5 | D47: GRUPO EMPRESARIAL | E47: BO | F47: 00000793 | G47: 11/04/2025 | H47: 120 | I47: =24+7 -> 31 | J47: =+H47-I47 -> 89
A48: Producto: 2139001616050101 / BISA TAZON 15.5 BLANCO C/F NEGRO | B48: =+MID(A48,13,6) -> 390016 | C48: =_xlfn.CONCAT(+VLOOKUP(VALUE(MID(A48,13,2)),'Tabla de codigos'!$A$2:$B$60,2,1)," ",VLOOKUP(VALUE(MID(A48,15,4)),'Tabla de codigos'!$E$2:$F$102,2,1)) -> TAZON 15.5 | D48: GRUPO EMPRESARIAL | E48: BO | F48: 00000793 | G48: 11/04/2025 | H48: 120 | I48: 0 | J48: =+H48-I48 -> 120
A49: Producto: 2139001616070101 / BISA TAZON 15.5 BLANCO C/F ROJO | B49: =+MID(A49,13,6) -> 390016 | C49: =_xlfn.CONCAT(+VLOOKUP(VALUE(MID(A49,13,2)),'Tabla de codigos'!$A$2:$B$60,2,1)," ",VLOOKUP(VALUE(MID(A49,15,4)),'Tabla de codigos'!$E$2:$F$102,2,1)) -> TAZON 15.5 | D49: GRUPO EMPRESARIAL | E49: BO | F49: 00000793 | G49: 11/04/2025 | H49: 120 | I49: =19+101 -> 120 | J49: =+H49-I49 -> 0
A50: Producto: 2139002202010101 / BISA TAZON 20 A/T | B50: =+MID(A50,13,6) -> 390022 | C50: =_xlfn.CONCAT(+VLOOKUP(VALUE(MID(A50,13,2)),'Tabla de codigos'!$A$2:$B$60,2,1)," ",VLOOKUP(VALUE(MID(A50,15,4)),'Tabla de codigos'!$E$2:$F$102,2,1)) -> TAZON 20 | D50: GRUPO EMPRESARIAL | E50: BO | F50: 00000793 | G50: 11/04/2025 | H50: 60 | I50: =6+3+48+3 -> 60 | J50: =+H50-I50 -> 0
A51: Producto: 2139002216030101 / BISA TAZON 20 BLANCO C/F COBALTO | B51: =+MID(A51,13,6) -> 390022 | C51: =_xlfn.CONCAT(+VLOOKUP(VALUE(MID(A51,13,2)),'Tabla de codigos'!$A$2:$B$60,2,1)," ",VLOOKUP(VALUE(MID(A51,15,4)),'Tabla de codigos'!$E$2:$F$102,2,1)) -> TAZON 20 | D51: GRUPO EMPRESARIAL | E51: BO | F51: 00000793 | G51: 11/04/2025 | H51: 36 | I51: 0 | J51: =+H51-I51 -> 36
A52: Producto: 2139002216040101 / BISA TAZON 20 BLANCO C/F GRIS | B52: =+MID(A52,13,6) -> 390022 | C52: =_xlfn.CONCAT(+VLOOKUP(VALUE(MID(A52,13,2)),'Tabla de codigos'!$A$2:$B$60,2,1)," ",VLOOKUP(VALUE(MID(A52,15,4)),'Tabla de codigos'!$E$2:$F$102,2,1)) -> TAZON 20 | D52: GRUPO EMPRESARIAL | E52: BO | F52: 00000793 | G52: 11/04/2025 | H52: 54 | I52: =5+12 -> 17 | J52: =+H52-I52 -> 37
A53: Producto: 2139002216070101 / BISA TAZON 20 BLANCO C/F ROJO | B53: =+MID(A53,13,6) -> 390022 | C53: =_xlfn.CONCAT(+VLOOKUP(VALUE(MID(A53,13,2)),'Tabla de codigos'!$A$2:$B$60,2,1)," ",VLOOKUP(VALUE(MID(A53,15,4)),'Tabla de codigos'!$E$2:$F$102,2,1)) -> TAZON 20 | D53: GRUPO EMPRESARIAL | E53: BO | F53: 00000793 | G53: 11/04/2025 | H53: 42 | I53: 29 | J53: =+H53-I53 -> 13
A54: Producto: 2139002421010101 / BISA TAZON 20 GRIS | B54: =+MID(A54,13,6) -> 390024 | C54: =_xlfn.CONCAT(+VLOOKUP(VALUE(MID(A54,13,2)),'Tabla de codigos'!$A$2:$B$60,2,1)," ",VLOOKUP(VALUE(MID(A54,15,4)),'Tabla de codigos'!$E$2:$F$102,2,1)) -> TAZON 22 | D54: GRUPO EMPRESARIAL | E54: BO | F54: 00000793 | G54: 11/04/2025 | H54: 30 | I54: 0 | J54: =+H54-I54 -> 30
A55: Producto: 2140001202010101 / BISA TAZON INCLINADO 8 A/T | B55: =+MID(A55,13,6) -> 400012 | C55: =_xlfn.CONCAT(+VLOOKUP(VALUE(MID(A55,13,2)),'Tabla de codigos'!$A$2:$B$60,2,1)," ",VLOOKUP(VALUE(MID(A55,15,4)),'Tabla de codigos'!$E$2:$F$102,2,1)) -> TAZON INCLINADO 8 | D55: GRUPO EMPRESARIAL | E55: BO | F55: 00000793 | G55: 11/04/2025 | H55: 72 | I55: 8 | J55: =+H55-I55 -> 64
A56: Producto: 2140001216030101 / BISA TAZON INCLINADO 8 BLANCO C/F COBALTO | B56: =+MID(A56,13,6) -> 400012 | C56: =_xlfn.CONCAT(+VLOOKUP(VALUE(MID(A56,13,2)),'Tabla de codigos'!$A$2:$B$60,2,1)," ",VLOOKUP(VALUE(MID(A56,15,4)),'Tabla de codigos'!$E$2:$F$102,2,1)) -> TAZON INCLINADO 8 | D56: GRUPO EMPRESARIAL | E56: BO | F56: 00000793 | G56: 11/04/2025 | H56: 36 | I56: 0 | J56: =+H56-I56 -> 36
A57: Producto: 2140001216040101 / BISA TAZON INCLINADO 8 BLANCO C/F GRIS | B57: =+MID(A57,13,6) -> 400012 | C57: =_xlfn.CONCAT(+VLOOKUP(VALUE(MID(A57,13,2)),'Tabla de codigos'!$A$2:$B$60,2,1)," ",VLOOKUP(VALUE(MID(A57,15,4)),'Tabla de codigos'!$E$2:$F$102,2,1)) -> TAZON INCLINADO 8 | D57: GRUPO EMPRESARIAL | E57: BO | F57: 00000793 | G57: 11/04/2025 | H57: 36 | I57: 29 | J57: =+H57-I57 -> 7
A58: Producto: 2140001216050101 / BISA TAZON INCLINADO 8 BLANCO C/F NEGRO | B58: =+MID(A58,13,6) -> 400012 | C58: =_xlfn.CONCAT(+VLOOKUP(VALUE(MID(A58,13,2)),'Tabla de codigos'!$A$2:$B$60,2,1)," ",VLOOKUP(VALUE(MID(A58,15,4)),'Tabla de codigos'!$E$2:$F$102,2,1)) -> TAZON INCLINADO 8 | D58: GRUPO EMPRESARIAL | E58: BO | F58: 00000793 | G58: 11/04/2025 | H58: 72 | I58: 29 | J58: =+H58-I58 -> 43
A59: Producto: 2140001217010101 / BISA TAZON INCLINADO 8 COBALTO | B59: =+MID(A59,13,6) -> 400012 | C59: =_xlfn.CONCAT(+VLOOKUP(VALUE(MID(A59,13,2)),'Tabla de codigos'!$A$2:$B$60,2,1)," ",VLOOKUP(VALUE(MID(A59,15,4)),'Tabla de codigos'!$E$2:$F$102,2,1)) -> TAZON INCLINADO 8 | D59: GRUPO EMPRESARIAL | E59: BO | F59: 00000793 | G59: 11/04/2025 | H59: 108 | I59: 0 | J59: =+H59-I59 -> 108
A60: Producto: 2140001221010101 / BISA TAZON INCLINADO 8 GRIS | B60: =+MID(A60,13,6) -> 400012 | C60: =_xlfn.CONCAT(+VLOOKUP(VALUE(MID(A60,13,2)),'Tabla de codigos'!$A$2:$B$60,2,1)," ",VLOOKUP(VALUE(MID(A60,15,4)),'Tabla de codigos'!$E$2:$F$102,2,1)) -> TAZON INCLINADO 8 | D60: GRUPO EMPRESARIAL | E60: BO | F60: 00000793 | G60: 11/04/2025 | H60: 108 | I60: 14 | J60: =+H60-I60 -> 94
A61: Producto: 2140001227010101 / BISA TAZON INCLINADO 8 NEGRO MOTAS | B61: =+MID(A61,13,6) -> 400012 | C61: =_xlfn.CONCAT(+VLOOKUP(VALUE(MID(A61,13,2)),'Tabla de codigos'!$A$2:$B$60,2,1)," ",VLOOKUP(VALUE(MID(A61,15,4)),'Tabla de codigos'!$E$2:$F$102,2,1)) -> TAZON INCLINADO 8 | D61: GRUPO EMPRESARIAL | E61: BO | F61: 00000793 | G61: 11/04/2025 | H61: 108 | I61: 31 | J61: =+H61-I61 -> 77
A62: Producto: 2133001216040101 / BISA POCILLO 8 BLANCO C/F GRIS | B62: =+MID(A62,13,6) -> 330012 | C62: =_xlfn.CONCAT(+VLOOKUP(VALUE(MID(A62,13,2)),'Tabla de codigos'!$A$2:$B$60,2,1)," ",VLOOKUP(VALUE(MID(A62,15,4)),'Tabla de codigos'!$E$2:$F$102,2,1)) -> POCILLO 8 | D62: GRUPO EMPRESARIAL | E62: BO | F62: 00000793 | G62: 11/04/2025 | H62: 48 | I62: =2+24+10 -> 36 | J62: =+H62-I62 -> 12
A63: Producto: 2140001902010101 / BISA TAZON INCLINADO 17 A/T | B63: =+MID(A63,13,6) -> 400019 | C63: =_xlfn.CONCAT(+VLOOKUP(VALUE(MID(A63,13,2)),'Tabla de codigos'!$A$2:$B$60,2,1)," ",VLOOKUP(VALUE(MID(A63,15,4)),'Tabla de codigos'!$E$2:$F$102,2,1)) -> TAZON INCLINADO 17 | D63: GRUPO EMPRESARIAL | E63: BO | F63: 00000793 | G63: 11/04/2025 | H63: 60 | I63: 1 | J63: =+H63-I63 -> 59
A64: Producto: 2152003027010101 / BISA PLATO OVAL 32 NEGRO MOTAS | B64: =+MID(A64,13,6) -> 520030 | C64: =_xlfn.CONCAT(+VLOOKUP(VALUE(MID(A64,13,2)),'Tabla de codigos'!$A$2:$B$60,2,1)," ",VLOOKUP(VALUE(MID(A64,15,4)),'Tabla de codigos'!$E$2:$F$102,2,1)) -> PLATO OVAL 32 | D64: GRUPO EMPRESARIAL | E64: BO | F64: 00000793 | G64: 11/04/2025 | H64: 30 | I64: 22 | J64: =+H64-I64 -> 8
A65: Producto: 2130001702010101 / BISA PLATO LISO 16 A/T | B65: =+MID(A65,13,6) -> 300017 | C65: =_xlfn.CONCAT(+VLOOKUP(VALUE(MID(A65,13,2)),'Tabla de codigos'!$A$2:$B$60,2,1)," ",VLOOKUP(VALUE(MID(A65,15,4)),'Tabla de codigos'!$E$2:$F$102,2,1)) -> PLATO LISO 16 | D65: GRUPO EMPRESARIAL | E65: BO | F65: 00000793 | G65: 11/04/2025 | H65: 24 | I65: 0 | J65: =+H65-I65 -> 24
A66: Producto: 2130003027010101 / BISA PLATO LISO 32 NEGRO MOTAS | B66: =+MID(A66,13,6) -> 300030 | C66: =_xlfn.CONCAT(+VLOOKUP(VALUE(MID(A66,13,2)),'Tabla de codigos'!$A$2:$B$60,2,1)," ",VLOOKUP(VALUE(MID(A66,15,4)),'Tabla de codigos'!$E$2:$F$102,2,1)) -> PLATO LISO 32 | D66: GRUPO EMPRESARIAL | E66: BO | F66: 00000793 | G66: 11/04/2025 | H66: 30 | I66: 0 | J66: =+H66-I66 -> 30
A67: Producto: 2133001016050101 / BISA POCILLO 6 BLANCO C/F NEGRO | B67: =+MID(A67,13,6) -> 330010 | C67: =_xlfn.CONCAT(+VLOOKUP(VALUE(MID(A67,13,2)),'Tabla de codigos'!$A$2:$B$60,2,1)," ",VLOOKUP(VALUE(MID(A67,15,4)),'Tabla de codigos'!$E$2:$F$102,2,1)) -> POCILLO 6 | D67: GRUPO EMPRESARIAL | E67: BO | F67: 00000793 | G67: 11/04/2025 | H67: 96 | I67: 8 | J67: =+H67-I67 -> 88 | K67: =(SUM(I24:I67))/(SUM(H24:H67)) -> 0.47351695
A68: Producto: 1203000919010101 / POP BAÑO 5 GALVANIZADO | B68: =+MID(A68,13,6) -> 030009 | C68: =_xlfn.CONCAT(+VLOOKUP(VALUE(MID(A68,13,2)),'Tabla de codigos'!$A$2:$B$60,2,1)," ",VLOOKUP(VALUE(MID(A68,15,4)),'Tabla de codigos'!$E$2:$F$102,2,1)) -> BAÑO 5 | D68: GRUPO EMPRESARIAL | E68: BO | F68: 00000794 | G68: 21/04/2025 | H68: 5 | I68: 0 | J68: =+H68-I68 -> 5
A69: Producto: 1211000919010101 / POP CUBETA 5 GALVANIZADO | B69: =+MID(A69,13,6) -> 110009 | C69: =_xlfn.CONCAT(+VLOOKUP(VALUE(MID(A69,13,2)),'Tabla de codigos'!$A$2:$B$60,2,1)," ",VLOOKUP(VALUE(MID(A69,15,4)),'Tabla de codigos'!$E$2:$F$102,2,1)) -> CUBETA 5 | D69: GRUPO EMPRESARIAL | E69: BO | F69: 00000794 | G69: 21/04/2025 | H69: 50 | I69: 0 | J69: =+H69-I69 -> 50
A70: Producto: 1211001219010101 / POP CUBETA 8 GALVANIZADO | B70: =+MID(A70,13,6) -> 110012 | C70: =_xlfn.CONCAT(+VLOOKUP(VALUE(MID(A70,13,2)),'Tabla de codigos'!$A$2:$B$60,2,1)," ",VLOOKUP(VALUE(MID(A70,15,4)),'Tabla de codigos'!$E$2:$F$102,2,1)) -> CUBETA 8 | D70: GRUPO EMPRESARIAL | E70: BO | F70: 00000794 | G70: 21/04/2025 | H70: 20 | I70: 20 | J70: =+H70-I70 -> 0 | K70: =(SUM(I68:I70))/(SUM(H68:H70)) -> 0.26666667
A71: Producto: 2101002516050101 / BISA BACINICA 24 BLANCO C/F NEGRO | B71: =+MID(A71,13,6) -> 010025 | C71: =_xlfn.CONCAT(+VLOOKUP(VALUE(MID(A71,13,2)),'Tabla de codigos'!$A$2:$B$60,2,1)," ",VLOOKUP(VALUE(MID(A71,15,4)),'Tabla de codigos'!$E$2:$F$102,2,1)) -> BACINICA 24 | D71: GRUPO EMPRESARIAL | E71: VT2 | F71: 00004816 | G71: 03/03/2025 | H71: 24 | I71: 0 | J71: =+H71-I71 -> 24 | O71: =(H71)/(IF(A71="","-",VLOOKUP(A71,'[1]CATALOGO PZXCAJA'!$A$2:$C$5000,2,0))) -> 2
A72: Producto: 2111000827010101 / BISA CUBETA 4 NEGRO MOTAS | B72: =+MID(A72,13,6) -> 110008 | C72: =_xlfn.CONCAT(+VLOOKUP(VALUE(MID(A72,13,2)),'Tabla de codigos'!$A$2:$B$60,2,1)," ",VLOOKUP(VALUE(MID(A72,15,4)),'Tabla de codigos'!$E$2:$F$102,2,1)) -> CUBETA 4 | D72: GRUPO EMPRESARIAL | E72: VT2 | F72: 00004816 | G72: 03/03/2025 | H72: 36 | I72: 14 | J72: =+H72-I72 -> 22 | O72: =(H72)/(IF(A72="","-",VLOOKUP(A72,'[1]CATALOGO PZXCAJA'!$A$2:$C$5000,2,0))) -> 3
A73: Producto: 2111000927010101 / BISA CUBETA 5 NEGRO MOTAS | B73: =+MID(A73,13,6) -> 110009 | C73: =_xlfn.CONCAT(+VLOOKUP(VALUE(MID(A73,13,2)),'Tabla de codigos'!$A$2:$B$60,2,1)," ",VLOOKUP(VALUE(MID(A73,15,4)),'Tabla de codigos'!$E$2:$F$102,2,1)) -> CUBETA 5 | D73: GRUPO EMPRESARIAL | E73: VT2 | F73: 00004816 | G73: 03/03/2025 | H73: 36 | I73: 1 | J73: =+H73-I73 -> 35 | O73: =(H73)/(IF(A73="","-",VLOOKUP(A73,'[1]CATALOGO PZXCAJA'!$A$2:$C$5000,2,0))) -> 3
A74: Producto: 2111001027010101 / BISA CUBETA 6 NEGRO MOTAS | B74: =+MID(A74,13,6) -> 110010 | C74: =_xlfn.CONCAT(+VLOOKUP(VALUE(MID(A74,13,2)),'Tabla de codigos'!$A$2:$B$60,2,1)," ",VLOOKUP(VALUE(MID(A74,15,4)),'Tabla de codigos'!$E$2:$F$102,2,1)) -> CUBETA 6 | D74: GRUPO EMPRESARIAL | E74: VT2 | F74: 00004816 | G74: 03/03/2025 | H74: 36 | I74: 2 | J74: =+H74-I74 -> 34 | O74: =(H74)/(IF(A74="","-",VLOOKUP(A74,'[1]CATALOGO PZXCAJA'!$A$2:$C$5000,2,0))) -> 3
A75: Producto: 2111001227010101 / BISA CUBETA 8 NEGRO MOTAS | B75: =+MID(A75,13,6) -> 110012 | C75: =_xlfn.CONCAT(+VLOOKUP(VALUE(MID(A75,13,2)),'Tabla de codigos'!$A$2:$B$60,2,1)," ",VLOOKUP(VALUE(MID(A75,15,4)),'Tabla de codigos'!$E$2:$F$102,2,1)) -> CUBETA 8 | D75: GRUPO EMPRESARIAL | E75: VT2 | F75: 00004816 | G75: 03/03/2025 | H75: 36 | I75: 4 | J75: =+H75-I75 -> 32 | O75: =(H75)/(IF(A75="","-",VLOOKUP(A75,'[1]CATALOGO PZXCAJA'!$A$2:$C$5000,2,0))) -> 3
A76: Producto: 2111001327010101 / BISA CUBETA 10 NEGRO MOTAS | B76: =+MID(A76,13,6) -> 110013 | C76: =_xlfn.CONCAT(+VLOOKUP(VALUE(MID(A76,13,2)),'Tabla de codigos'!$A$2:$B$60,2,1)," ",VLOOKUP(VALUE(MID(A76,15,4)),'Tabla de codigos'!$E$2:$F$102,2,1)) -> CUBETA 10 | D76: GRUPO EMPRESARIAL | E76: VT2 | F76: 00004816 | G76: 03/03/2025 | H76: 12 | I76: 0 | J76: =+H76-I76 -> 12 | O76: =(H76)/(IF(A76="","-",VLOOKUP(A76,'[1]CATALOGO PZXCAJA'!$A$2:$C$5000,2,0))) -> 1
A77: Producto: 2111001427010101 / BISA CUBETA 12 NEGRO MOTAS | B77: =+MID(A77,13,6) -> 110014 | C77: =_xlfn.CONCAT(+VLOOKUP(VALUE(MID(A77,13,2)),'Tabla de codigos'!$A$2:$B$60,2,1)," ",VLOOKUP(VALUE(MID(A77,15,4)),'Tabla de codigos'!$E$2:$F$102,2,1)) -> CUBETA 12 | D77: GRUPO EMPRESARIAL | E77: VT2 | F77: 00004816 | G77: 03/03/2025 | H77: 12 | I77: 10 | J77: =+H77-I77 -> 2 | K77: =(SUM(I71:I77))/(SUM(H71:H77)) -> 0.16145833 | O77: =(H77)/(IF(A77="","-",VLOOKUP(A77,'[1]CATALOGO PZXCAJA'!$A$2:$C$5000,2,0))) -> 1
A78: Producto: 2425002425010101 / IMU 6 QT ENAMEL STOCK POT BLUE C20666-1063310W | B78: =+MID(A78,13,6) -> 250024 | C78: =_xlfn.CONCAT(+VLOOKUP(VALUE(MID(A78,13,2)),'Tabla de codigos'!$A$2:$B$60,2,1)," ",VLOOKUP(VALUE(MID(A78,15,4)),'Tabla de codigos'!$E$2:$F$102,2,1)) -> OLLA RECTA 22 | D78: IMUSA | E78: VT3 | F78: 00001056 | G78: 30/01/2025 | H78: 7120 | I78: =8+271+480+480+96+92+248+1+148+2 -> 1826 | J78: =+H78-I78 -> 5294 | L78: 45874 | O78: =(H78)/(IF(A78="","-",VLOOKUP(A78,'[1]CATALOGO PZXCAJA'!$A$2:$C$5000,2,0))) -> 3560
A79: Producto: 2425002825010101 / IMU 12 QT ENAMEL STOCK POT BLUE C20666-10646W | B79: =+MID(A79,13,6) -> 250028 | C79: =_xlfn.CONCAT(+VLOOKUP(VALUE(MID(A79,13,2)),'Tabla de codigos'!$A$2:$B$60,2,1)," ",VLOOKUP(VALUE(MID(A79,15,4)),'Tabla de codigos'!$E$2:$F$102,2,1)) -> OLLA RECTA 28 | D79: IMUSA | E79: VT3 | F79: 00001056 | G79: 30/01/2025 | H79: 250 | I79: 0 | J79: =+H79-I79 -> 250 | L79: 45874 | O79: =(H79)/(IF(A79="","-",VLOOKUP(A79,'[1]CATALOGO PZXCAJA'!$A$2:$C$5000,2,0))) -> 125
A80: Producto: 2433001450010101 / IMU 12 CM ENAMEL MUG BLUE (WM) C20666-10977W | B80: =+MID(A80,13,6) -> 330014 | C80: =_xlfn.CONCAT(+VLOOKUP(VALUE(MID(A80,13,2)),'Tabla de codigos'!$A$2:$B$60,2,1)," ",VLOOKUP(VALUE(MID(A80,15,4)),'Tabla de codigos'!$E$2:$F$102,2,1)) -> POCILLO 12 | D80: IMUSA | E80: VT3 | F80: 00001056 | G80: 30/01/2025 | H80: 1734 | I80: 0 | J80: =+H80-I80 -> 1734 | L80: 45874 | O80: =(H80)/(IF(A80="","-",VLOOKUP(A80,'[1]CATALOGO PZXCAJA'!$A$2:$C$5000,2,0))) -> 289
A81: Producto: 2444002925010101 / IMU 16 QT STEAMER STOCK POT-BLUE C20666-1065948 | B81: =+MID(A81,13,6) -> 440029 | C81: =_xlfn.CONCAT(+VLOOKUP(VALUE(MID(A81,13,2)),'Tabla de codigos'!$A$2:$B$60,2,1)," ",VLOOKUP(VALUE(MID(A81,15,4)),'Tabla de codigos'!$E$2:$F$102,2,1)) -> VAPORERA 30 | D81: IMUSA | E81: VT3 | F81: 00001056 | G81: 30/01/2025 | H81: 610 | I81: =66+62+4+1 -> 133 | J81: =+H81-I81 -> 477 | L81: 45874 | O81: =(H81)/(IF(A81="","-",VLOOKUP(A81,'[1]CATALOGO PZXCAJA'!$A$2:$C$5000,2,0))) -> 305
A82: Producto: 2425002225010101 / IMU 4 QT ENAMEL STOCK POT BLUE C20666-1062810W | B82: =+MID(A82,13,6) -> 250022 | C82: =_xlfn.CONCAT(+VLOOKUP(VALUE(MID(A82,13,2)),'Tabla de codigos'!$A$2:$B$60,2,1)," ",VLOOKUP(VALUE(MID(A82,15,4)),'Tabla de codigos'!$E$2:$F$102,2,1)) -> OLLA RECTA 20 | D82: IMUSA | E82: VT3 | F82: 00001056 | G82: 30/01/2025 | H82: 750 | I82: 66 | J82: =+H82-I82 -> 684 | L82: 45874 | O82: =(H82)/(IF(A82="","-",VLOOKUP(A82,'[1]CATALOGO PZXCAJA'!$A$2:$C$5000,2,0))) -> 375
A83: Producto: 2406002527010101 /MIR 4.5QT ENAMEL DUTCH OVEN (24) BLACK MIR-10701 | B83: =+MID(A83,13,6) -> 060025 | C83: =_xlfn.CONCAT(+VLOOKUP(VALUE(MID(A83,13,2)),'Tabla de codigos'!$A$2:$B$60,2,1)," ",VLOOKUP(VALUE(MID(A83,15,4)),'Tabla de codigos'!$E$2:$F$102,2,1)) -> BUDINERA 24 | D83: IMUSA | E83: VT3 | F83: 00001056 | G83: 30/01/2025 | H83: 480 | I83: =22 -> 22 | J83: =+H83-I83 -> 458 | K83: =(SUM(I78:I83))/(SUM(H78:H83)) -> 0.18704313 | L83: 45874 | O83: =(H83)/(IF(A83="","-",VLOOKUP(A83,'[1]CATALOGO PZXCAJA'!$A$2:$C$5000,2,0))) -> #N/A
A84: Producto: 2129002716050101 / BISA PLATO HONDO 27 BLANCO C/F NEGRO | B84: =+MID(A84,13,6) -> 290027 | C84: =_xlfn.CONCAT(+VLOOKUP(VALUE(MID(A84,13,2)),'Tabla de codigos'!$A$2:$B$60,2,1)," ",VLOOKUP(VALUE(MID(A84,15,4)),'Tabla de codigos'!$E$2:$F$102,2,1)) -> PLATO HONDO 27 | D84: JAIME ALEJANDRO PUENTE GUERRERO | E84: VT2 | F84: 00004777 | G84: 04/02/2025 | H84: 24 | I84: =12+12 -> 24 | J84: =+H84-I84 -> 0 | O84: =(H84)/(IF(A84="","-",VLOOKUP(A84,'[1]CATALOGO PZXCAJA'!$A$2:$C$5000,2,0))) -> 4
A85: Producto: 2333000916050101 / SANSON POCILLO 5 BLANCO C/F NEGRO | B85: =+MID(A85,13,6) -> 330009 | C85: =_xlfn.CONCAT(+VLOOKUP(VALUE(MID(A85,13,2)),'Tabla de codigos'!$A$2:$B$60,2,1)," ",VLOOKUP(VALUE(MID(A85,15,4)),'Tabla de codigos'!$E$2:$F$102,2,1)) -> POCILLO 5 | D85: JAIME ALEJANDRO PUENTE GUERRERO | E85: VT2 | F85: 00004777 | G85: 04/02/2025 | H85: 96 | I85: 0 | J85: =+H85-I85 -> 96 | K85: =(SUM(I84:I85))/(SUM(H84:H85)) -> 0.2 | O85: =(H85)/(IF(A85="","-",VLOOKUP(A85,'[1]CATALOGO PZXCAJA'!$A$2:$C$5000,2,0))) -> 4
A86: Producto: 2133001510010101 / BISA POCILLO 14 BICOLOR AZUL | B86: =+MID(A86,13,6) -> 330015 | C86: =_xlfn.CONCAT(+VLOOKUP(VALUE(MID(A86,13,2)),'Tabla de codigos'!$A$2:$B$60,2,1)," ",VLOOKUP(VALUE(MID(A86,15,4)),'Tabla de codigos'!$E$2:$F$102,2,1)) -> POCILLO 14 | D86: JOSE LUIS SANTIAGO | E86: VT2 | F86: 00004738 | G86: 19/12/2024 | H86: 18 | I86: =1+17 -> 18 | J86: =+H86-I86 -> 0 | O86: =(H86)/(IF(A86="","-",VLOOKUP(A86,'[1]CATALOGO PZXCAJA'!$A$2:$C$5000,2,0))) -> 3
A87: Producto: 2133001512010101 / BISA POCILLO 14 BICOLOR NARANJA | B87: =+MID(A87,13,6) -> 330015 | C87: =_xlfn.CONCAT(+VLOOKUP(VALUE(MID(A87,13,2)),'Tabla de codigos'!$A$2:$B$60,2,1)," ",VLOOKUP(VALUE(MID(A87,15,4)),'Tabla de codigos'!$E$2:$F$102,2,1)) -> POCILLO 14 | D87: JOSE LUIS SANTIAGO | E87: VT2 | F87: 00004738 | G87: 19/12/2024 | H87: 18 | I87: 4 | J87: =+H87-I87 -> 14 | O87: =(H87)/(IF(A87="","-",VLOOKUP(A87,'[1]CATALOGO PZXCAJA'!$A$2:$C$5000,2,0))) -> 3
A88: Producto: 2133001514010101 / BISA POCILLO 14 BICOLOR ROJO | B88: =+MID(A88,13,6) -> 330015 | C88: =_xlfn.CONCAT(+VLOOKUP(VALUE(MID(A88,13,2)),'Tabla de codigos'!$A$2:$B$60,2,1)," ",VLOOKUP(VALUE(MID(A88,15,4)),'Tabla de codigos'!$E$2:$F$102,2,1)) -> POCILLO 14 | D88: JOSE LUIS SANTIAGO | E88: VT2 | F88: 00004738 | G88: 19/12/2024 | H88: 18 | I88: 18 | J88: =+H88-I88 -> 0 | O88: =(H88)/(IF(A88="","-",VLOOKUP(A88,'[1]CATALOGO PZXCAJA'!$A$2:$C$5000,2,0))) -> 3
A89: Producto: 2139001602010101 / BISA TAZON 15.5 A/T | B89: =+MID(A89,13,6) -> 390016 | C89: =_xlfn.CONCAT(+VLOOKUP(VALUE(MID(A89,13,2)),'Tabla de codigos'!$A$2:$B$60,2,1)," ",VLOOKUP(VALUE(MID(A89,15,4)),'Tabla de codigos'!$E$2:$F$102,2,1)) -> TAZON 15.5 | D89: JOSE LUIS SANTIAGO | E89: VT2 | F89: 00004738 | G89: 19/12/2024 | H89: 60 | I89: =10+12+3+35 -> 60 | J89: =+H89-I89 -> 0 | O89: =(H89)/(IF(A89="","-",VLOOKUP(A89,'[1]CATALOGO PZXCAJA'!$A$2:$C$5000,2,0))) -> 5
A90: Producto: 2139001616050101 / BISA TAZON 15.5 BLANCO C/F NEGRO | B90: =+MID(A90,13,6) -> 390016 | C90: =_xlfn.CONCAT(+VLOOKUP(VALUE(MID(A90,13,2)),'Tabla de codigos'!$A$2:$B$60,2,1)," ",VLOOKUP(VALUE(MID(A90,15,4)),'Tabla de codigos'!$E$2:$F$102,2,1)) -> TAZON 15.5 | D90: JOSE LUIS SANTIAGO | E90: VT2 | F90: 00004738 | G90: 19/12/2024 | H90: 36 | I90: 0 | J90: =+H90-I90 -> 36 | K90: =(SUM(I86:I90))/(SUM(H86:H90)) -> 0.66666667 | O90: =(H90)/(IF(A90="","-",VLOOKUP(A90,'[1]CATALOGO PZXCAJA'!$A$2:$C$5000,2,0))) -> 3
A91: Producto: 2139001614010101 / BISA TAZON 15.5 BICOLOR ROJO | B91: =+MID(A91,13,6) -> 390016 | C91: =_xlfn.CONCAT(+VLOOKUP(VALUE(MID(A91,13,2)),'Tabla de codigos'!$A$2:$B$60,2,1)," ",VLOOKUP(VALUE(MID(A91,15,4)),'Tabla de codigos'!$E$2:$F$102,2,1)) -> TAZON 15.5 | D91: JOSE LUIS SANTIAGO | E91: VT2 | F91: 00004739 | G91: 19/12/2024 | H91: 60 | I91: 0 | J91: =+H91-I91 -> 60 | O91: =(H91)/(IF(A91="","-",VLOOKUP(A91,'[1]CATALOGO PZXCAJA'!$A$2:$C$5000,2,0))) -> 5
A92: Producto: 2139001616030101 / BISA TAZON 15.5 BLANCO C/F COBALTO | B92: =+MID(A92,13,6) -> 390016 | C92: =_xlfn.CONCAT(+VLOOKUP(VALUE(MID(A92,13,2)),'Tabla de codigos'!$A$2:$B$60,2,1)," ",VLOOKUP(VALUE(MID(A92,15,4)),'Tabla de codigos'!$E$2:$F$102,2,1)) -> TAZON 15.5 | D92: JOSE LUIS SANTIAGO | E92: VT2 | F92: 00004739 | G92: 19/12/2024 | H92: 36 | I92: 36 | J92: =+H92-I92 -> 0 | O92: =(H92)/(IF(A92="","-",VLOOKUP(A92,'[1]CATALOGO PZXCAJA'!$A$2:$C$5000,2,0))) -> 3
A93: Producto: 2139001626010101 / BISA TAZON 15.5 NEGRO | B93: =+MID(A93,13,6) -> 390016 | C93: =_xlfn.CONCAT(+VLOOKUP(VALUE(MID(A93,13,2)),'Tabla de codigos'!$A$2:$B$60,2,1)," ",VLOOKUP(VALUE(MID(A93,15,4)),'Tabla de codigos'!$E$2:$F$102,2,1)) -> TAZON 15.5 | D93: JOSE LUIS SANTIAGO | E93: VT2 | F93: 00004739 | G93: 19/12/2024 | H93: 36 | I93: =20+16 -> 36 | J93: =+H93-I93 -> 0 | K93: =(SUM(I91:I93))/(SUM(H91:H93)) -> 0.54545455 | O93: =(H93)/(IF(A93="","-",VLOOKUP(A93,'[1]CATALOGO PZXCAJA'!$A$2:$C$5000,2,0))) -> 3
A94: Producto: 2152003216050101 / BISA PLATO OVAL 36 BLANCO C/F NEGRO | B94: =+MID(A94,13,6) -> 520032 | C94: =_xlfn.CONCAT(+VLOOKUP(VALUE(MID(A94,13,2)),'Tabla de codigos'!$A$2:$B$60,2,1)," ",VLOOKUP(VALUE(MID(A94,15,4)),'Tabla de codigos'!$E$2:$F$102,2,1)) -> PLATO OVAL 36 | D94: LA UNICA | E94: BO | F94: 00000754 | G94: 16/10/2024 | H94: 54 | I94: 0 | J94: =+H94-I94 -> 54 | K94: =(SUM(I94))/(SUM(H94)) -> 0 | O94: =(H94)/(IF(A94="","-",VLOOKUP(A94,'[1]CATALOGO PZXCAJA'!$A$2:$C$5000,2,0))) -> 9
A95: Producto: 66660005 / ANTICIPO DE BIEN O SERVICIO | B95: =+MID(A95,13,6) -> 660005 | C95: =_xlfn.CONCAT(+VLOOKUP(VALUE(MID(A95,13,2)),'Tabla de codigos'!$A$2:$B$60,2,1)," ",VLOOKUP(VALUE(MID(A95,15,4)),'Tabla de codigos'!$E$2:$F$102,2,1)) -> CUBETA SIN ASA SIN OREJA 1 | D95: LEOBAN | E95: VTA | F95: 00003452 | G95: 05/03/2025 | H95: 1 | I95: 0 | J95: =+H95-I95 -> 1 | K95: =(SUM(I95))/(SUM(H95)) -> 0 | O95: =(H95)/(IF(A95="","-",VLOOKUP(A95,'[1]CATALOGO PZXCAJA'!$A$2:$C$5000,2,0))) -> #N/A
A96: Producto: 2106002502010101 / BISA BUDINERA 24 A/T | B96: =+MID(A96,13,6) -> 060025 | C96: =_xlfn.CONCAT(+VLOOKUP(VALUE(MID(A96,13,2)),'Tabla de codigos'!$A$2:$B$60,2,1)," ",VLOOKUP(VALUE(MID(A96,15,4)),'Tabla de codigos'!$E$2:$F$102,2,1)) -> BUDINERA 24 | D96: LEONCIO | E96: COT | F96: 00000709 | G96: 25/03/2025 | H96: 12 | I96: 12 | J96: =+H96-I96 -> 0
A97: Producto: 2106002602010101 / BISA BUDINERA 26 A/T | B97: =+MID(A97,13,6) -> 060026 | C97: =_xlfn.CONCAT(+VLOOKUP(VALUE(MID(A97,13,2)),'Tabla de codigos'!$A$2:$B$60,2,1)," ",VLOOKUP(VALUE(MID(A97,15,4)),'Tabla de codigos'!$E$2:$F$102,2,1)) -> BUDINERA 26 | D97: LEONCIO | E97: COT | F97: 00000709 | G97: 25/03/2025 | H97: 12 | I97: 12 | J97: =+H97-I97 -> 0
A98: Producto: 2110002827010101 / BISA COMAL 28 NEGRO MOTAS | B98: =+MID(A98,13,6) -> 100028 | C98: =_xlfn.CONCAT(+VLOOKUP(VALUE(MID(A98,13,2)),'Tabla de codigos'!$A$2:$B$60,2,1)," ",VLOOKUP(VALUE(MID(A98,15,4)),'Tabla de codigos'!$E$2:$F$102,2,1)) -> COMAL 28 | D98: LEONCIO | E98: COT | F98: 00000709 | G98: 25/03/2025 | H98: 12 | I98: 12 | J98: =+H98-I98 -> 0
A99: Producto: 2124002102010101 / BISA OLLA CONVEXA 18 A/T | B99: =+MID(A99,13,6) -> 240021 | C99: =_xlfn.CONCAT(+VLOOKUP(VALUE(MID(A99,13,2)),'Tabla de codigos'!$A$2:$B$60,2,1)," ",VLOOKUP(VALUE(MID(A99,15,4)),'Tabla de codigos'!$E$2:$F$102,2,1)) -> OLLA CONVEXA 18 | D99: LEONCIO | E99: COT | F99: 00000709 | G99: 25/03/2025 | H99: 24 | I99: 0 | J99: =+H99-I99 -> 24
A100: Producto: 2124002202010101 / BISA OLLA CONVEXA 20 A/T | B100: =+MID(A100,13,6) -> 240022 | C100: =_xlfn.CONCAT(+VLOOKUP(VALUE(MID(A100,13,2)),'Tabla de codigos'!$A$2:$B$60,2,1)," ",VLOOKUP(VALUE(MID(A100,15,4)),'Tabla de codigos'!$E$2:$F$102,2,1)) -> OLLA CONVEXA 20 | D100: LEONCIO | E100: COT | F100: 00000709 | G100: 25/03/2025 | H100: 24 | I100: 0 | J100: =+H100-I100 -> 24
...

Sheet Tabla de codigos
A1: ARTICULO --00 | E1: MODELO ----0000 | H1: COLOR ---- ---- 00-- | K1: FILETE ---- ---- --00
A2: 1 | B2: BACINICA | E2: 1 | F2: S/I | H2: 1 | I2: S/I | K2: 1 | L2: S/I
A3: 2 | B3: BANDEJA | E3: 2 | F3: 0 | H3: 2 | I3: A/T | K3: 2 | L3: AQUA
A4: 3 | B4: BAÑO | E4: 3 | F4: 0 | H4: 3 | I4: AMARILLO | K4: 3 | L4: COBALTO
A5: 4 | B5: BATERIA | E5: 4 | F5: 0 | H5: 4 | I5: AMBAR | K5: 4 | L5: GRIS
A6: 5 | B6: BOTE BASURA | E6: 5 | F6: 1 | H6: 5 | I6: AQUA | K6: 5 | L6: NEGRO
A7: 6 | B7: BUDINERA | E7: 6 | F7: 2 | H7: 6 | I7: AZUL | K7: 6 | L7: NEVADO
A8: 7 | B8: CAZO | E8: 7 | F8: 3 | H8: 7 | I8: BERENJENA | K8: 7 | L8: ROJO
A9: 8 | B9: CAZUELA | E9: 8 | F9: 4 | H9: 8 | I9: BICOLOR | K9: 8 | L9: ROSA
A10: 9 | B10: CHAROLA DE SERVICIO | E10: 9 | F10: 5 | H10: 9 | I10: BICOLOR AMARILLO | K10: 9 | L10: VERDE
A11: 10 | B11: COMAL | E11: 10 | F11: 6 | H11: 10 | I11: BICOLOR AZUL | K11: 10 | L11: AZUL
A12: 11 | B12: CUBETA | E12: 11 | F12: 7 | H12: 11 | I12: BICOLOR COBALTO | K12: 11 | L12: CAFÉ
A13: 12 | B13: CUCHARA | E13: 12 | F13: 8 | H13: 12 | I13: BICOLOR NARANJA
A14: 13 | B14: CUCHILLO | E14: 13 | F14: 10 | H14: 13 | I14: BICOLOR NEGRO MOTAS
A15: 14 | B15: DESPACHADOR AGUA | E15: 14 | F15: 12 | H15: 14 | I15: BICOLOR ROJO
A16: 15 | B16: ENSALADERA | E16: 15 | F16: 14 | H16: 15 | I16: BICOLOR VERDE
A17: 16 | B17: FLORERO | E17: 16 | F17: 15.5 | H17: 16 | I17: BLANCO
A18: 17 | B18: FRESH CONTENEDOR | E18: 17 | F18: 16 | H18: 17 | I18: COBALTO
A19: 18 | B19: FUENTE PARA HORNO | E19: 18 | F19: 16.5 | H19: 18 | I19: COBALTO MOTAS
A20: 19 | B20: JARRA RECTA | E20: 19 | F20: 17 | H20: 19 | I20: GALVANIZADO
A21: 20 | B21: JICARA | E21: 20 | F21: 17.5 | H21: 20 | I21: GENERICO
A22: 21 | B22: JUEGO | E22: 21 | F22: 18 | H22: 21 | I22: GRIS
A23: 22 | B23: MULTIUSOS | E23: 22 | F23: 20 | H23: 22 | I23: HUMO
A24: 23 | B24: MULTIUSOS RAYADO | E24: 23 | F24: 20.5 | H24: 23 | I24: NARANJA
... A37: 36 | B37: SARTEN | E37: 36 | F37: 5250 | H37: 36 | I37: TRASLUCIDO AZUL
A38: 37 | B38: TAMALERA | E38: 37 | F38: 2.5 LTS | H38: 37 | I38: TRASLUCIDO AZUL REY
A39: 38 | B39: TAZA BISTRO | E39: 38 | F39: 19 LTS | H39: 38 | I39: TRASLUCIDO BERENJENA
A40: 39 | B40: TAZON | E40: 39 | F40: 75 LTS | H40: 39 | I40: TRASLUCIDO HUMO
A41: 40 | B41: TAZON INCLINADO | E41: 40 | F41: 400 ML | H41: 40 | I41: TRASLUCIDO MORADO
A42: 41 | B42: TENEDOR | E42: 41 | F42: 500 ML | H42: 41 | I42: TRASLUCIDO ROJO
A43: 42 | B43: TORTILLERO | E43: 42 | F43: 1500 ML | H43: 42 | I43: TRASLUCIDO ROSA
A44: 43 | B44: VAJILLA | E44: 43 | F44: 3+3 | H44: 43 | I44: TRASLUCIDO A/T
A45: 44 | B45: VAPORERA | E45: 44 | F45: 5+5 | H45: 44 | I45: TRASLUCIDO VERDE
A46: 45 | B46: VASO | E46: 45 | F46: 30X20 | H46: 45 | I46: TRASLUCIDO VERDE BOTELLA
A47: 46 | B47: VASO AGUA | E47: 46 | F47: 40X30 | H47: 46 | I47: TRIGO/CREMA
A48: 47 | B48: VASO OLD FASHION | E48: 47 | F48: A | H48: 47 | I48: VERDE
A49: 48 | B49: VASO RECTO | E49: 48 | F49: B | H49: 48 | I49: VERDE BOTELLA
... A60: 59 | B60: CUBETA SIN ASA SIN OREJA | E60: 59 | F60: BISTRO | H60: 59 | I60: ARENA
E61: 60 | F61: BODEGON | H61: 60 | I61: NEGRO PIEDRA
E62: 61 | F62: CAMPESTRE | H62: 61 | I62: ENCORE
E63: 62 | F63: ENCORE
E64: 63 | F64: LAVANDA
E65: 64 | F65: LE COQ
E66: 65 | F66: MARTINA
E67: 66 | F67: MILENIA
E68: 67 | F68: MOSCA EN EL PLATO
E69: 68 | F69: PRIMAVERA
E70: 69 | F70: VELO
E71: 70 | F71: XOCHITL
E72: 71 | F72: CON ASA
E73: 72 | F73: CON TAPA
E74: 73 | F74: TERNO BISTRO
... E99: 98 | F99: 18"
E100: 99 | F100: 38
E101: 100 | F101: 15"
E102: 101 | F102: 5.5
E113: ´---- 1022 | F113: 20 C/TAPA CRISTAL
E114: ´---- 1025 | F114: 24 C/TAPA CRISTAL
E115: ´---- | F115: 26-28 C/TAPA CRISTAL

Sheet Hoja 1
A1: FECHA VENTAS | B1: =+TODAY() -> 46109 | C1: DESCRIPCION | D1: PRODUCTO | E1: COLOR | F1: CLIENTE | G1: Serie documento | H1: DOCUMENTO | I1: FECHA CAPTURA | J1: Cantidad | K1: EXISTENTE | L1: PEDIDO FALTANTE | M1: % | N1: FECHA DE VENTAS | O1: PRODUCCION | P1: FECHA LOGISTICA | Q1: DIRECCION DE ENTREGA
A2: =DAYS360(I2,$B$1) -> 205 | B2: =DAYS360($B$1,P3) -> -45448 | C2: Producto: 2133001402010101 / BISA POCILLO 12 A/T | D2: =VLOOKUP(VALUE(MID($C2,13,2)), codigos!$A$2:$B$60, 2, 1) & " " & VLOOKUP(VALUE(MID($C2,15,4)), codigos!$E$2:$F$102, 2, FALSE) -> POCILLO 12 | E2: =VLOOKUP(VALUE(MID($C2,19,2)),codigos!$H$2:$I$62,2,1) & " " & VLOOKUP(VALUE(MID($C2,21,2)),codigos!$K$2:$L$12,2,FALSE) -> A/T S/I | F2: EL MESTIZO LA MEJOR | G2: BO | H2: 00000895 | I2: 03/09/2025 | J2: 396 | K2: =114+2+276+4 -> 396 | L2: =+J2-K2 -> 0 | M2: =(SUM(K2:K5))/(SUM(J2:J5)) -> 0.64655172
A3: =DAYS360(I3,$B$1) -> 156 | B3: =DAYS360($B$1,P4) -> -45448 | C3: Producto: 2106003102010101 / BISA BUDINERA 34 A/T | D3: =VLOOKUP(VALUE(MID($C3,13,2)), codigos!$A$2:$B$60, 2, 1) & " " & VLOOKUP(VALUE(MID($C3,15,4)), codigos!$E$2:$F$102, 2, FALSE) -> BUDINERA 34 | E3: =VLOOKUP(VALUE(MID($C3,19,2)),codigos!$H$2:$I$62,2,1) & " " & VLOOKUP(VALUE(MID($C3,21,2)),codigos!$K$2:$L$12,2,FALSE) -> A/T S/I | F3: EL MESTIZO LA MEJOR | G3: BO | H3: 00000895 | I3: 22/10/2025 | J3: 100 | K3: 0 | L3: =+J3-K3 -> 100
A4: =DAYS360(I4,$B$1) -> 156 | B4: =DAYS360($B$1,P5) -> -45448 | C4: Producto: 2121004301010101 / BISA JUEGO 3+3 | D4: =VLOOKUP(VALUE(MID($C4,13,2)), codigos!$A$2:$B$60, 2, 1) & " " & VLOOKUP(VALUE(MID($C4,15,4)), codigos!$E$2:$F$102, 2, FALSE) -> JUEGO 3+3 | E4: =VLOOKUP(VALUE(MID($C4,19,2)),codigos!$H$2:$I$62,2,1) & " " & VLOOKUP(VALUE(MID($C4,21,2)),codigos!$K$2:$L$12,2,FALSE) -> S/I S/I | F4: EL MESTIZO LA MEJOR | G4: BO | H4: 00000895 | I4: 22/10/2025 | J4: 448 | K4: =179 -> 179 | L4: =+J4-K4 -> 269
A5: =DAYS360(I5,$B$1) -> 156 | B5: =DAYS360($B$1,P6) -> -45448 | C5: Producto: 2125003102010101 / BISA OLLA RECTA 34 A/T | D5: =VLOOKUP(VALUE(MID($C5,13,2)), codigos!$A$2:$B$60, 2, 1) & " " & VLOOKUP(VALUE(MID($C5,15,4)), codigos!$E$2:$F$102, 2, FALSE) -> OLLA RECTA 34 | E5: =VLOOKUP(VALUE(MID($C5,19,2)),codigos!$H$2:$I$62,2,1) & " " & VLOOKUP(VALUE(MID($C5,21,2)),codigos!$K$2:$L$12,2,FALSE) -> A/T S/I | F5: EL MESTIZO LA MEJOR | G5: BO | H5: 00000895 | I5: 22/10/2025 | J5: 100 | K5: =20+2-6+12+48+4+20 -> 100 | L5: =+J5-K5 -> 0
A6: =DAYS360(I6,$B$1) -> 60 | B6: =DAYS360($B$1,P7) -> -45448 | C6: Producto: 2106002202010101 / BISA BUDINERA 20 A/T | D6: =VLOOKUP(VALUE(MID($C6,13,2)), codigos!$A$2:$B$60, 2, 1) & " " & VLOOKUP(VALUE(MID($C6,15,4)), codigos!$E$2:$F$102, 2, FALSE) -> BUDINERA 20 | E6: =VLOOKUP(VALUE(MID($C6,19,2)),codigos!$H$2:$I$62,2,1) & " " & VLOOKUP(VALUE(MID($C6,21,2)),codigos!$K$2:$L$12,2,FALSE) -> A/T S/I | F6: GRUPO EMPRESARIAL TENORIO | G6: VT2 | H6: 00005043 | I6: 28/01/2026 | J6: 180 | K6: =59+36+1+13+56+15 -> 180 | L6: =+J6-K6 -> 0 | M6: =(SUM(K6:K24))/(SUM(J6:J24)) -> 0.81985044 | O6: 46108
A7: =DAYS360(I7,$B$1) -> 60 | B7: =DAYS360($B$1,P8) -> -45448 | C7: Producto: 2106002402010101 / BISA BUDINERA 22 A/T | D7: =VLOOKUP(VALUE(MID($C7,13,2)), codigos!$A$2:$B$60, 2, 1) & " " & VLOOKUP(VALUE(MID($C7,15,4)), codigos!$E$2:$F$102, 2, FALSE) -> BUDINERA 22 | E7: =VLOOKUP(VALUE(MID($C7,19,2)),codigos!$H$2:$I$62,2,1) & " " & VLOOKUP(VALUE(MID($C7,21,2)),codigos!$K$2:$L$12,2,FALSE) -> A/T S/I | F7: GRUPO EMPRESARIAL TENORIO | G7: VT2 | H7: 00005043 | I7: 46050 | J7: 180 | K7: =120+12+48-120+6+24+12+72+6-29+29 -> 180 | L7: =+J7-K7 -> 0 | O7: 46108
A8: =DAYS360(I8,$B$1) -> 60 | B8: =DAYS360($B$1,P9) -> -45448 | C8: Producto: 2106002502010101 / BISA BUDINERA 24 A/T | D8: =VLOOKUP(VALUE(MID($C8,13,2)), codigos!$A$2:$B$60, 2, 1) & " " & VLOOKUP(VALUE(MID($C8,15,4)), codigos!$E$2:$F$102, 2, FALSE) -> BUDINERA 24 | E8: =VLOOKUP(VALUE(MID($C8,19,2)),codigos!$H$2:$I$62,2,1) & " " & VLOOKUP(VALUE(MID($C8,21,2)),codigos!$K$2:$L$12,2,FALSE) -> A/T S/I | F8: GRUPO EMPRESARIAL TENORIO | G8: VT2 | H8: 00005043 | I8: 28/01/2026 | J8: 204 | K8: =91+14+4+24 -> 133 | L8: =+J8-K8 -> 71 | O8: 46108
A9: =DAYS360(I9,$B$1) -> 60 | B9: =DAYS360($B$1,P10) -> -45448 | C9: Producto: 2106002602010101 / BISA BUDINERA 26 A/T | D9: =VLOOKUP(VALUE(MID($C9,13,2)), codigos!$A$2:$B$60, 2, 1) & " " & VLOOKUP(VALUE(MID($C9,15,4)), codigos!$E$2:$F$102, 2, FALSE) -> BUDINERA 26 | E9: =VLOOKUP(VALUE(MID($C9,19,2)),codigos!$H$2:$I$62,2,1) & " " & VLOOKUP(VALUE(MID($C9,21,2)),codigos!$K$2:$L$12,2,FALSE) -> A/T S/I | F9: GRUPO EMPRESARIAL TENORIO | G9: VT2 | H9: 00005043 | I9: 28/01/2026 | J9: 120 | K9: =12+36+4+4+1-57 -> 0 | L9: =+J9-K9 -> 120 | O9: 46108
A10: =DAYS360(I10,$B$1) -> 60 | B10: =DAYS360($B$1,P11) -> -45448 | C10: Producto: 2124002202010101 / BISA OLLA CONVEXA 20 A/T | D10: =VLOOKUP(VALUE(MID($C10,13,2)), codigos!$A$2:$B$60, 2, 1) & " " & VLOOKUP(VALUE(MID($C10,15,4)), codigos!$E$2:$F$102, 2, FALSE) -> OLLA CONVEXA 20 | E10: =VLOOKUP(VALUE(MID($C10,19,2)),codigos!$H$2:$I$62,2,1) & " " & VLOOKUP(VALUE(MID($C10,21,2)),codigos!$K$2:$L$12,2,FALSE) -> A/T S/I | F10: GRUPO EMPRESARIAL TENORIO | G10: VT2 | H10: 00005043 | I10: 28/01/2026 | J10: 180 | K10: =180 -> 180 | L10: =+J10-K10 -> 0 | O10: 46108
A11: =DAYS360(I11,$B$1) -> 60 | B11: =DAYS360($B$1,P12) -> -45448 | C11: Producto: 2124002402010101 / BISA OLLA CONVEXA 22 A/T | D11: =VLOOKUP(VALUE(MID($C11,13,2)), codigos!$A$2:$B$60, 2, 1) & " " & VLOOKUP(VALUE(MID($C11,15,4)), codigos!$E$2:$F$102, 2, FALSE) -> OLLA CONVEXA 22 | E11: =VLOOKUP(VALUE(MID($C11,19,2)),codigos!$H$2:$I$62,2,1) & " " & VLOOKUP(VALUE(MID($C11,21,2)),codigos!$K$2:$L$12,2,FALSE) -> A/T S/I | F11: GRUPO EMPRESARIAL TENORIO | G11: VT2 | H11: 00005043 | I11: 28/01/2026 | J11: 180 | K11: =4+108+6+6+12+6+1+36+1-120+1+4+114+1 -> 180 | L11: =+J11-K11 -> 0 | O11: 46108
A12: =DAYS360(I12,$B$1) -> 60 | B12: =DAYS360($B$1,P13) -> -45448 | C12: Producto: 2124002502010101 / BISA OLLA CONVEXA 24 A/T | D12: =VLOOKUP(VALUE(MID($C12,13,2)), codigos!$A$2:$B$60, 2, 1) & " " & VLOOKUP(VALUE(MID($C12,15,4)), codigos!$E$2:$F$102, 2, FALSE) -> OLLA CONVEXA 24 | E12: =VLOOKUP(VALUE(MID($C12,19,2)),codigos!$H$2:$I$62,2,1) & " " & VLOOKUP(VALUE(MID($C12,21,2)),codigos!$K$2:$L$12,2,FALSE) -> A/T S/I | F12: GRUPO EMPRESARIAL TENORIO | G12: VT2 | H12: 00005043 | I12: 28/01/2026 | J12: 150 | K12: =2+102+30+6-120+18+6+3+2+12+5+18+3-60+18+24+6+75 -> 150 | L12: =+J12-K12 -> 0 | O12: 46108
A13: =DAYS360(I13,$B$1) -> 60 | B13: =DAYS360($B$1,P14) -> -45448 | C13: Producto: 2124002902010101 / BISA OLLA CONVEXA 30 A/T | D13: =VLOOKUP(VALUE(MID($C13,13,2)), codigos!$A$2:$B$60, 2, 1) & " " & VLOOKUP(VALUE(MID($C13,15,4)), codigos!$E$2:$F$102, 2, FALSE) -> OLLA CONVEXA 30 | E13: =VLOOKUP(VALUE(MID($C13,19,2)),codigos!$H$2:$I$62,2,1) & " " & VLOOKUP(VALUE(MID($C13,21,2)),codigos!$K$2:$L$12,2,FALSE) -> A/T S/I | F13: GRUPO EMPRESARIAL TENORIO | G13: VT2 | H13: 00005043 | I13: 28/01/2026 | J13: 120 | K13: =66+22+8 -> 96 | L13: =+J13-K13 -> 24 | O13: 46108
A14: =DAYS360(I14,$B$1) -> 60 | B14: =DAYS360($B$1,P15) -> -45448 | C14: Producto: 2124003102010101 / BISA OLLA CONVEXA 34 A/T | D14: =VLOOKUP(VALUE(MID($C14,13,2)), codigos!$A$2:$B$60, 2, 1) & " " & VLOOKUP(VALUE(MID($C14,15,4)), codigos!$E$2:$F$102, 2, FALSE) -> OLLA CONVEXA 34 | E14: =VLOOKUP(VALUE(MID($C14,19,2)),codigos!$H$2:$I$62,2,1) & " " & VLOOKUP(VALUE(MID($C14,21,2)),codigos!$K$2:$L$12,2,FALSE) -> A/T S/I | F14: GRUPO EMPRESARIAL TENORIO | G14: VT2 | H14: 00005043 | I14: 28/01/2026 | J14: 120 | K14: 120 | L14: =+J14-K14 -> 0 | O14: 46108
A15: =DAYS360(I15,$B$1) -> 60 | B15: =DAYS360($B$1,P16) -> -45448 | C15: Producto: 2125003302010101 / BISA OLLA RECTA 42 A/T | D15: =VLOOKUP(VALUE(MID($C15,13,2)), codigos!$A$2:$B$60, 2, 1) & " " & VLOOKUP(VALUE(MID($C15,15,4)), codigos!$E$2:$F$102, 2, FALSE) -> OLLA RECTA 42 | E15: =VLOOKUP(VALUE(MID($C15,19,2)),codigos!$H$2:$I$62,2,1) & " " & VLOOKUP(VALUE(MID($C15,21,2)),codigos!$K$2:$L$12,2,FALSE) -> A/T S/I | F15: GRUPO EMPRESARIAL TENORIO | G15: VT2 | H15: 00005043 | I15: 28/01/2026 | J15: 4 | K15: =3+1 -> 4 | L15: =+J15-K15 -> 0 | O15: 46108
A16: =DAYS360(I16,$B$1) -> 60 | B16: =DAYS360($B$1,P17) -> -45448 | C16: Producto: 2133001202010101 / BISA POCILLO 8 A/T | D16: =VLOOKUP(VALUE(MID($C16,13,2)), codigos!$A$2:$B$60, 2, 1) & " " & VLOOKUP(VALUE(MID($C16,15,4)), codigos!$E$2:$F$102, 2, FALSE) -> POCILLO 8 | E16: =VLOOKUP(VALUE(MID($C16,19,2)),codigos!$H$2:$I$62,2,1) & " " & VLOOKUP(VALUE(MID($C16,21,2)),codigos!$K$2:$L$12,2,FALSE) -> A/T S/I | F16: GRUPO EMPRESARIAL TENORIO | G16: VT2 | H16: 00005043 | I16: 28/01/2026 | J16: 240 | K16: =20-12+192+4+24+12-27-96+90 -> 207 | L16: =+J16-K16 -> 33 | O16: 46108
A17: =DAYS360(I17,$B$1) -> 60 | B17: =DAYS360($B$1,P18) -> -45448 | C17: Producto: 2133001302010101 / BISA POCILLO 10 A/T | D17: =VLOOKUP(VALUE(MID($C17,13,2)), codigos!$A$2:$B$60, 2, 1) & " " & VLOOKUP(VALUE(MID($C17,15,4)), codigos!$E$2:$F$102, 2, FALSE) -> POCILLO 10 | E17: =VLOOKUP(VALUE(MID($C17,19,2)),codigos!$H$2:$I$62,2,1) & " " & VLOOKUP(VALUE(MID($C17,21,2)),codigos!$K$2:$L$12,2,FALSE) -> A/T S/I | F17: GRUPO EMPRESARIAL TENORIO | G17: VT2 | H17: 00005043 | I17: 28/01/2026 | J17: 240 | K17: =10+107+24+24+18+48+9-81+81 -> 240 | L17: =+J17-K17 -> 0 | O17: 46108
A18: =DAYS360(I18,$B$1) -> 60 | B18: =DAYS360($B$1,P19) -> -45448 | C18: Producto: 2133001402010101 / BISA POCILLO 12 A/T | D18: =VLOOKUP(VALUE(MID($C18,13,2)), codigos!$A$2:$B$60, 2, 1) & " " & VLOOKUP(VALUE(MID($C18,15,4)), codigos!$E$2:$F$102, 2, FALSE) -> POCILLO 12 | E18: =VLOOKUP(VALUE(MID($C18,19,2)),codigos!$H$2:$I$62,2,1) & " " & VLOOKUP(VALUE(MID($C18,21,2)),codigos!$K$2:$L$12,2,FALSE) -> A/T S/I | F18: GRUPO EMPRESARIAL TENORIO | G18: VT2 | H18: 00005043 | I18: 28/01/2026 | J18: 240 | K18: =10+24+5+48+84+69-117 -> 123 | L18: =+J18-K18 -> 117 | O18: 46108
A19: =DAYS360(I19,$B$1) -> 60 | B19: =DAYS360($B$1,P20) -> -45448 | C19: Producto: 2133001502010101 / BISA POCILLO 14 A/T | D19: =VLOOKUP(VALUE(MID($C19,13,2)), codigos!$A$2:$B$60, 2, 1) & " " & VLOOKUP(VALUE(MID($C19,15,4)), codigos!$E$2:$F$102, 2, FALSE) -> POCILLO 14 | E19: =VLOOKUP(VALUE(MID($C19,19,2)),codigos!$H$2:$I$62,2,1) & " " & VLOOKUP(VALUE(MID($C19,21,2)),codigos!$K$2:$L$12,2,FALSE) -> A/T S/I | F19: GRUPO EMPRESARIAL TENORIO | G19: VT2 | H19: 00005043 | I19: 28/01/2026 | J19: 180 | K19: =53+2 -> 55 | L19: =+J19-K19 -> 125 | O19: 46108
A20: =DAYS360(I20,$B$1) -> 60 | B20: =DAYS360($B$1,P21) -> -45448 | C20: Producto: 2136002202010101 / BISA SARTEN 20 A/T | D20: =VLOOKUP(VALUE(MID($C20,13,2)), codigos!$A$2:$B$60, 2, 1) & " " & VLOOKUP(VALUE(MID($C20,15,4)), codigos!$E$2:$F$102, 2, FALSE) -> SARTEN 20 | E20: =VLOOKUP(VALUE(MID($C20,19,2)),codigos!$H$2:$I$62,2,1) & " " & VLOOKUP(VALUE(MID($C20,21,2)),codigos!$K$2:$L$12,2,FALSE) -> A/T S/I | F20: GRUPO EMPRESARIAL TENORIO | G20: VT2 | H20: 00005043 | I20: 28/01/2026 | J20: 120 | K20: 120 | L20: =+J20-K20 -> 0 | O20: 46108
A21: =DAYS360(I21,$B$1) -> 60 | B21: =DAYS360($B$1,P22) -> -45448 | C21: Producto: 2136002402010101 / BISA SARTEN 22 A/T | D21: =VLOOKUP(VALUE(MID($C21,13,2)), codigos!$A$2:$B$60, 2, 1) & " " & VLOOKUP(VALUE(MID($C21,15,4)), codigos!$E$2:$F$102, 2, FALSE) -> SARTEN 22 | E21: =VLOOKUP(VALUE(MID($C21,19,2)),codigos!$H$2:$I$62,2,1) & " " & VLOOKUP(VALUE(MID($C21,21,2)),codigos!$K$2:$L$12,2,FALSE) -> A/T S/I | F21: GRUPO EMPRESARIAL TENORIO | G21: VT2 | H21: 00005043 | I21: 28/01/2026 | J21: 180 | K21: =24+108-120+12+12+24+7+5+108-108+6+3+3+48+12-4 -> 140 | L21: =+J21-K21 -> 40 | O21: 46108
A22: =DAYS360(I22,$B$1) -> 60 | B22: =DAYS360($B$1,P23) -> -45448 | C22: Producto: 2136002502010101 / BISA SARTEN 24 A/T | D22: =VLOOKUP(VALUE(MID($C22,13,2)), codigos!$A$2:$B$60, 2, 1) & " " & VLOOKUP(VALUE(MID($C22,15,4)), codigos!$E$2:$F$102, 2, FALSE) -> SARTEN 24 | E22: =VLOOKUP(VALUE(MID($C22,19,2)),codigos!$H$2:$I$62,2,1) & " " & VLOOKUP(VALUE(MID($C22,21,2)),codigos!$K$2:$L$12,2,FALSE) -> A/T S/I | F22: GRUPO EMPRESARIAL TENORIO | G22: VT2 | H22: 00005043 | I22: 28/01/2026 | J22: 180 | K22: =120-14+24+3+47-120+1+9+110 -> 180 | L22: =+J22-K22 -> 0 | O22: 46108
A23: =DAYS360(I23,$B$1) -> 60 | B23: =DAYS360($B$1,P24) -> -45448 | C23: Producto: 2136002602010101 / BISA SARTEN 26 A/T | D23: =VLOOKUP(VALUE(MID($C23,13,2)), codigos!$A$2:$B$60, 2, 1) & " " & VLOOKUP(VALUE(MID($C23,15,4)), codigos!$E$2:$F$102, 2, FALSE) -> SARTEN 26 | E23: =VLOOKUP(VALUE(MID($C23,19,2)),codigos!$H$2:$I$62,2,1) & " " & VLOOKUP(VALUE(MID($C23,21,2)),codigos!$K$2:$L$12,2,FALSE) -> A/T S/I | F23: GRUPO EMPRESARIAL TENORIO | G23: VT2 | H23: 00005043 | I23: 28/01/2026 | J23: 120 | K23: 120 | L23: =+J23-K23 -> 0 | O23: 46108
A24: =DAYS360(I24,$B$1) -> 60 | B24: =DAYS360($B$1,#REF!) -> #REF! | C24: Producto: 2125009902010101 / BISA OLLA RECTA 38 A/T | D24: =VLOOKUP(VALUE(MID($C24,13,2)), codigos!$A$2:$B$60, 2, 1) & " " & VLOOKUP(VALUE(MID($C24,15,4)), codigos!$E$2:$F$102, 2, FALSE) -> OLLA RECTA 38 | E24: =VLOOKUP(VALUE(MID($C24,19,2)),codigos!$H$2:$I$62,2,1) & " " & VLOOKUP(VALUE(MID($C24,21,2)),codigos!$K$2:$L$12,2,FALSE) -> A/T S/I | F24: GRUPO EMPRESARIAL TENORIO | G24: VT2 | H24: 00005043 | I24: 28/01/2026 | J24: 4 | K24: 4 | L24: =+J24-K24 -> 0 | O24: 46108
A25: =DAYS360(I25,$B$1) -> 148 | B25: =DAYS360($B$1,P26) -> -45448 | C25: Producto: 2106002902010101 / BISA BUDINERA 30 A/T | D25: =VLOOKUP(VALUE(MID($C25,13,2)), codigos!$A$2:$B$60, 2, 1) & " " & VLOOKUP(VALUE(MID($C25,15,4)), codigos!$E$2:$F$102, 2, FALSE) -> BUDINERA 30 | E25: =VLOOKUP(VALUE(MID($C25,19,2)),codigos!$H$2:$I$62,2,1) & " " & VLOOKUP(VALUE(MID($C25,21,2)),codigos!$K$2:$L$12,2,FALSE) -> A/T S/I | F25: MA DE LOS ANGELES | G25: BO | H25: 00000909 | I25: 30/10/2025 | J25: 40 | K25: =8+12+20 -> 40 | L25: =+J25-K25 -> 0 | M25: =(SUM(K25:K29))/(SUM(J25:J29)) -> 1 | O25: 46066
A26: =DAYS360(I26,$B$1) -> 148 | B26: =DAYS360($B$1,P27) -> -45448 | C26: Producto: 2124001702010101 / BISA OLLA CONVEXA 16 A/T | D26: =VLOOKUP(VALUE(MID($C26,13,2)), codigos!$A$2:$B$60, 2, 1) & " " & VLOOKUP(VALUE(MID($C26,15,4)), codigos!$E$2:$F$102, 2, FALSE) -> OLLA CONVEXA 16 | E26: =VLOOKUP(VALUE(MID($C26,19,2)),codigos!$H$2:$I$62,2,1) & " " & VLOOKUP(VALUE(MID($C26,21,2)),codigos!$K$2:$L$12,2,FALSE) -> A/T S/I | F26: MA DE LOS ANGELES | G26: BO | H26: 00000909 | I26: 30/10/2025 | J26: 12 | K26: 12 | L26: =+J26-K26 -> 0 | O26: 46066
A27: =DAYS360(I27,$B$1) -> 148 | B27: =DAYS360($B$1,P28) -> -45448 | C27: Producto: 2124002202010101 / BISA OLLA CONVEXA 20 A/T | D27: =VLOOKUP(VALUE(MID($C27,13,2)), codigos!$A$2:$B$60, 2, 1) & " " & VLOOKUP(VALUE(MID($C27,15,4)), codigos!$E$2:$F$102, 2, FALSE) -> OLLA CONVEXA 20 | E27: =VLOOKUP(VALUE(MID($C27,19,2)),codigos!$H$2:$I$62,2,1) & " " & VLOOKUP(VALUE(MID($C27,21,2)),codigos!$K$2:$L$12,2,FALSE) -> A/T S/I | F27: MA DE LOS ANGELES | G27: BO | H27: 00000909 | I27: 30/10/2025 | J27: 36 | K27: =12+12+12 -> 36 | L27: =+J27-K27 -> 0 | O27: 46066
A28: =DAYS360(I28,$B$1) -> 148 | B28: =DAYS360($B$1,P29) -> -45448 | C28: Producto: 2124002902010101 / BISA OLLA CONVEXA 30 A/T | D28: =VLOOKUP(VALUE(MID($C28,13,2)), codigos!$A$2:$B$60, 2, 1) & " " & VLOOKUP(VALUE(MID($C28,15,4)), codigos!$E$2:$F$102, 2, FALSE) -> OLLA CONVEXA 30 | E28: =VLOOKUP(VALUE(MID($C28,19,2)),codigos!$H$2:$I$62,2,1) & " " & VLOOKUP(VALUE(MID($C28,21,2)),codigos!$K$2:$L$12,2,FALSE) -> A/T S/I | F28: MA DE LOS ANGELES | G28: BO | H28: 00000909 | I28: 30/10/2025 | J28: 20 | K28: =14+6 -> 20 | L28: =+J28-K28 -> 0 | O28: 46066
A29: =DAYS360(I29,$B$1) -> 148 | B29: =DAYS360($B$1,#REF!) -> #REF! | C29: Producto: 2136002402010101 / BISA SARTEN 22 A/T | D29: =VLOOKUP(VALUE(MID($C29,13,2)), codigos!$A$2:$B$60, 2, 1) & " " & VLOOKUP(VALUE(MID($C29,15,4)), codigos!$E$2:$F$102, 2, FALSE) -> SARTEN 22 | E29: =VLOOKUP(VALUE(MID($C29,19,2)),codigos!$H$2:$I$62,2,1) & " " & VLOOKUP(VALUE(MID($C29,21,2)),codigos!$K$2:$L$12,2,FALSE) -> A/T S/I | F29: MA DE LOS ANGELES | G29: BO | H29: 00000909 | I29: 30/10/2025 | J29: 36 | K29: 36 | L29: =+J29-K29 -> 0 | O29: 46066
A30: =DAYS360(I30,$B$1) -> 73 | C30: Producto: 2143006301010101 / BISA VAJILLA LAVANDA 24 PZ | D30: =VLOOKUP(VALUE(MID($C30,13,2)), codigos!$A$2:$B$60, 2, 1) & " " & VLOOKUP(VALUE(MID($C30,15,4)), codigos!$E$2:$F$102, 2, FALSE) -> VAJILLA LAVANDA | E30: =VLOOKUP(VALUE(MID($C30,19,2)),codigos!$H$2:$I$62,2,1) & " " & VLOOKUP(VALUE(MID($C30,21,2)),codigos!$K$2:$L$12,2,FALSE) -> S/I S/I | F30: VENTA AL PUBLICO | G30: ALM | H30: 00000005 | I30: 15/01/2026 | J30: 30 | K30: =1 -> 1 | L30: =+J30-K30 -> 29 | M30: =(SUM(K30:K34))/(SUM(J30:J34)) -> 0.045454545 | O30: 46080
A31: =DAYS360(I31,$B$1) -> 73 | C31: Producto: 2143006401010101 / BISA VAJILLA LE COQ PH | D31: =VLOOKUP(VALUE(MID($C31,13,2)), codigos!$A$2:$B$60, 2, 1) & " " & VLOOKUP(VALUE(MID($C31,15,4)), codigos!$E$2:$F$102, 2, FALSE) -> VAJILLA LE COQ | E31: =VLOOKUP(VALUE(MID($C31,19,2)),codigos!$H$2:$I$62,2,1) & " " & VLOOKUP(VALUE(MID($C31,21,2)),codigos!$K$2:$L$12,2,FALSE) -> S/I S/I | F31: VENTA AL PUBLICO | G31: ALM | H31: 00000005 | I31: 15/01/2026 | J31: 20 | K31: 1 | L31: =+J31-K31 -> 19 | O31: 46080
A32: =DAYS360(I32,$B$1) -> 73 | C32: Producto: 2143006701010101 / BISA VAJILLA MOSCA EN EL PLATO PH | D32: =VLOOKUP(VALUE(MID($C32,13,2)), codigos!$A$2:$B$60, 2, 1) & " " & VLOOKUP(VALUE(MID($C32,15,4)), codigos!$E$2:$F$102, 2, FALSE) -> VAJILLA MOSCA EN EL PLATO | E32: =VLOOKUP(VALUE(MID($C32,19,2)),codigos!$H$2:$I$62,2,1) & " " & VLOOKUP(VALUE(MID($C32,21,2)),codigos!$K$2:$L$12,2,FALSE) -> S/I S/I | F32: VENTA AL PUBLICO | G32: ALM | H32: 00000005 | I32: 15/01/2026 | J32: 20 | K32: 0 | L32: =+J32-K32 -> 20 | O32: 46080
A33: =DAYS360(I33,$B$1) -> 73 | C33: Producto: 2143006901010101 / BISA VAJILLA VELO 24 PZ | D33: =VLOOKUP(VALUE(MID($C33,13,2)), codigos!$A$2:$B$60, 2, 1) & " " & VLOOKUP(VALUE(MID($C33,15,4)), codigos!$E$2:$F$102, 2, FALSE) -> VAJILLA VELO | E33: =VLOOKUP(VALUE(MID($C33,19,2)),codigos!$H$2:$I$62,2,1) & " " & VLOOKUP(VALUE(MID($C33,21,2)),codigos!$K$2:$L$12,2,FALSE) -> S/I S/I | F33: VENTA AL PUBLICO | G33: ALM | H33: 00000005 | I33: 15/01/2026 | J33: 15 | K33: 0 | L33: =+J33-K33 -> 15 | O33: 46080
A34: =DAYS360(I34,$B$1) -> 73 | C34: Producto: 2143007401010101 / BISA VAJILLA CERRADO MARINO C | D34: =VLOOKUP(VALUE(MID($C34,13,2)), codigos!$A$2:$B$60, 2, 1) & " " & VLOOKUP(VALUE(MID($C34,15,4)), codigos!$E$2:$F$102, 2, FALSE) -> VAJILLA CERRADO MARINO | E34: =VLOOKUP(VALUE(MID($C34,19,2)),codigos!$H$2:$I$62,2,1) & " " & VLOOKUP(VALUE(MID($C34,21,2)),codigos!$K$2:$L$12,2,FALSE) -> S/I S/I | F34: VENTA AL PUBLICO | G34: ALM | H34: 00000005 | I34: 15/01/2026 | J34: 25 | K34: =3 -> 3 | L34: =+J34-K34 -> 22 | O34: 46080
A35: =DAYS360(I35,$B$1) -> 113 | C35: Producto: 2106001702010101 / BISA BUDINERA 16 A/T | D35: =VLOOKUP(VALUE(MID($C35,13,2)), codigos!$A$2:$B$60, 2, 1) & " " & VLOOKUP(VALUE(MID($C35,15,4)), codigos!$E$2:$F$102, 2, FALSE) -> BUDINERA 16 | E35: =VLOOKUP(VALUE(MID($C35,19,2)),codigos!$H$2:$I$62,2,1) & " " & VLOOKUP(VALUE(MID($C35,21,2)),codigos!$K$2:$L$12,2,FALSE) -> A/T S/I | F35: JAVIER CEDILLO | G35: BOC | H35: 00000883 | I35: 05/12/2025 | J35: 108 | K35: =47+18+18+25 -> 108 | L35: =+J35-K35 -> 0 | M35: =(SUM(K35:K41))/(SUM(J35:J41)) -> 0.9562212 | O35: 46101
A36: =DAYS360(I36,$B$1) -> 113 | C36: Producto: 2106002202010101 / BISA BUDINERA 20 A/T | D36: =VLOOKUP(VALUE(MID($C36,13,2)), codigos!$A$2:$B$60, 2, 1) & " " & VLOOKUP(VALUE(MID($C36,15,4)), codigos!$E$2:$F$102, 2, FALSE) -> BUDINERA 20 | E36: =VLOOKUP(VALUE(MID($C36,19,2)),codigos!$H$2:$I$62,2,1) & " " & VLOOKUP(VALUE(MID($C36,21,2)),codigos!$K$2:$L$12,2,FALSE) -> A/T S/I | F36: JAVIER CEDILLO | G36: BOC | H36: 00000883 | I36: 05/12/2025 | J36: 72 | K36: 72 | L36: =+J36-K36 -> 0 | O36: 46101
A37: =DAYS360(I37,$B$1) -> 113 | C37: Producto: 2121004401010101 / BISA JUEGO 5+5 | D37: =VLOOKUP(VALUE(MID($C37,13,2)), codigos!$A$2:$B$60, 2, 1) & " " & VLOOKUP(VALUE(MID($C37,15,4)), codigos!$E$2:$F$102, 2, FALSE) -> JUEGO 5+5 | E37: =VLOOKUP(VALUE(MID($C37,19,2)),codigos!$H$2:$I$62,2,1) & " " & VLOOKUP(VALUE(MID($C37,21,2)),codigos!$K$2:$L$12,2,FALSE) -> S/I S/I | F37: JAVIER CEDILLO | G37: BOC | H37: 00000883 | I37: 05/12/2025 | J37: 50 | K37: =50 -> 50 | L37: =+J37-K37 -> 0 | O37: 46101
A38: =DAYS360(I38,$B$1) -> 113 | C38: Producto: 2124001702010101 / BISA OLLA CONVEXA 16 A/T | D38: =VLOOKUP(VALUE(MID($C38,13,2)), codigos!$A$2:$B$60, 2, 1) & " " & VLOOKUP(VALUE(MID($C38,15,4)), codigos!$E$2:$F$102, 2, FALSE) -> OLLA CONVEXA 16 | E38: =VLOOKUP(VALUE(MID($C38,19,2)),codigos!$H$2:$I$62,2,1) & " " & VLOOKUP(VALUE(MID($C38,21,2)),codigos!$K$2:$L$12,2,FALSE) -> A/T S/I | F38: JAVIER CEDILLO | G38: BOC | H38: 00000883 | I38: 05/12/2025 | J38: 60 | K38: 60 | L38: =+J38-K38 -> 0 | O38: 46101
A39: =DAYS360(I39,$B$1) -> 113 | C39: Producto: 2124002202010101 / BISA OLLA CONVEXA 20 A/T | D39: =VLOOKUP(VALUE(MID($C39,13,2)), codigos!$A$2:$B$60, 2, 1) & " " & VLOOKUP(VALUE(MID($C39,15,4)), codigos!$E$2:$F$102, 2, FALSE) -> OLLA CONVEXA 20 | E39: =VLOOKUP(VALUE(MID($C39,19,2)),codigos!$H$2:$I$62,2,1) & " " & VLOOKUP(VALUE(MID($C39,21,2)),codigos!$K$2:$L$12,2,FALSE) -> A/T S/I | F39: JAVIER CEDILLO | G39: BOC | H39: 00000883 | I39: 05/12/2025 | J39: 48 | K39: =24+12+12 -> 48 | L39: =+J39-K39 -> 0 | O39: 46101
A40: =DAYS360(I40,$B$1) -> 113 | C40: Producto: 2136002402010101 / BISA SARTEN 22 A/T | D40: =VLOOKUP(VALUE(MID($C40,13,2)), codigos!$A$2:$B$60, 2, 1) & " " & VLOOKUP(VALUE(MID($C40,15,4)), codigos!$E$2:$F$102, 2, FALSE) -> SARTEN 22 | E40: =VLOOKUP(VALUE(MID($C40,19,2)),codigos!$H$2:$I$62,2,1) & " " & VLOOKUP(VALUE(MID($C40,21,2)),codigos!$K$2:$L$12,2,FALSE) -> A/T S/I | F40: JAVIER CEDILLO | G40: BOC | H40: 00000883 | I40: 05/12/2025 | J40: 36 | K40: =12-7+10+12+9 -> 36 | L40: =+J40-K40 -> 0 | O40: 46101
A41: =DAYS360(I41,$B$1) -> 113 | C41: Producto: 2148007102010101 / BISA VASO RECTO 14 CON ASA | D41: =VLOOKUP(VALUE(MID($C41,13,2)), codigos!$A$2:$B$60, 2, 1) & " " & VLOOKUP(VALUE(MID($C41,15,4)), codigos!$E$2:$F$102, 2, FALSE) -> VASO RECTO CON ASA | E41: =VLOOKUP(VALUE(MID($C41,19,2)),codigos!$H$2:$I$62,2,1) & " " & VLOOKUP(VALUE(MID($C41,21,2)),codigos!$K$2:$L$12,2,FALSE) -> A/T S/I | F41: JAVIER CEDILLO | G41: BOC | H41: 00000883 | I41: 05/12/2025 | J41: 60 | K41: =60-36+12+5 -> 41 | L41: =+J41-K41 -> 19 | O41: 46101
A42: =DAYS360(I42,$B$1) -> 52 | C42: Producto: 1103001319010101 / BISA BAÑO 10 GALVANIZADO | D42: =VLOOKUP(VALUE(MID($C42,13,2)), codigos!$A$2:$B$60, 2, 1) & " " & VLOOKUP(VALUE(MID($C42,15,4)), codigos!$E$2:$F$102, 2, FALSE) -> BAÑO 10 | E42: =VLOOKUP(VALUE(MID($C42,19,2)),codigos!$H$2:$I$62,2,1) & " " & VLOOKUP(VALUE(MID($C42,21,2)),codigos!$K$2:$L$12,2,FALSE) -> GALVANIZADO S/I | F42: LEONARDO MARTINEZ | G42: COT | H42: 00000796 | I42: 06/02/2026 | J42: 20 | K42: 20 | L42: =+J42-K42 -> 0 | M42: =(SUM(K42:K43))/(SUM(J42:J43)) -> 0.36363636 | O42: 46106
A43: =DAYS360(I43,$B$1) -> 52 | C43: Producto: 1103001419010101 / BISA BAÑO 12 GALVANIZADO | D43: =VLOOKUP(VALUE(MID($C43,13,2)), codigos!$A$2:$B$60, 2, 1) & " " & VLOOKUP(VALUE(MID($C43,15,4)), codigos!$E$2:$F$102, 2, FALSE) -> BAÑO 12 | E43: =VLOOKUP(VALUE(MID($C43,19,2)),codigos!$H$2:$I$62,2,1) & " " & VLOOKUP(VALUE(MID($C43,21,2)),codigos!$K$2:$L$12,2,FALSE) -> GALVANIZADO S/I | F43: LEONARDO MARTINEZ | G43: COT | H43: 00000796 | I43: 06/02/2026 | J43: 35 | K43: 0 | L43: =+J43-K43 -> 35 | O43: 46106
A44: =DAYS360(I44,$B$1) -> 61 | C44: Producto: 1103001319010101 / BISA BAÑO 10 GALVANIZADO | D44: =VLOOKUP(VALUE(MID($C44,13,2)), codigos!$A$2:$B$60, 2, 1) & " " & VLOOKUP(VALUE(MID($C44,15,4)), codigos!$E$2:$F$102, 2, FALSE) -> BAÑO 10 | E44: =VLOOKUP(VALUE(MID($C44,19,2)),codigos!$H$2:$I$62,2,1) & " " & VLOOKUP(VALUE(MID($C44,21,2)),codigos!$K$2:$L$12,2,FALSE) -> GALVANIZADO S/I | F44: LUIS ANTONIO MARTINEZ | G44: BOC | H44: 00000887 | I44: 27/01/2026 | J44: 5 | K44: 5 | L44: =J44-K44 -> 0 | M44: =(SUM(K44:K44))/(SUM(J44:J44)) -> 1
A45: =DAYS360(I45,$B$1) -> 61 | C45: Producto: 2106001702010101 / BISA BUDINERA 16 A/T | D45: =VLOOKUP(VALUE(MID($C45,13,2)), codigos!$A$2:$B$60, 2, 1) & " " & VLOOKUP(VALUE(MID($C45,15,4)), codigos!$E$2:$F$102, 2, FALSE) -> BUDINERA 16 | E45: =VLOOKUP(VALUE(MID($C45,19,2)),codigos!$H$2:$I$62,2,1) & " " & VLOOKUP(VALUE(MID($C45,21,2)),codigos!$K$2:$L$12,2,FALSE) -> A/T S/I | F45: LUIS ANTONIO MARTINEZ | G45: BOC | H45: 00000888 | I45: 27/01/2026 | J45: 18 | K45: =11+1+6 -> 18 | L45: =J45-K45 -> 0 | M45: =(SUM(K45:K55))/(SUM(J45:J55)) -> 0.92248062 | O45: 46108
A46: =DAYS360(I46,$B$1) -> 61 | C46: Producto: 2106002102010101 / BISA BUDINERA 18 A/T | D46: =VLOOKUP(VALUE(MID($C46,13,2)), codigos!$A$2:$B$60, 2, 1) & " " & VLOOKUP(VALUE(MID($C46,15,4)), codigos!$E$2:$F$102, 2, FALSE) -> BUDINERA 18 | E46: =VLOOKUP(VALUE(MID($C46,19,2)),codigos!$H$2:$I$62,2,1) & " " & VLOOKUP(VALUE(MID($C46,21,2)),codigos!$K$2:$L$12,2,FALSE) -> A/T S/I | F46: LUIS ANTONIO MARTINEZ | G46: BOC | H46: 00000888 | I46: 27/01/2026 | J46: 18 | K46: 18 | L46: =J46-K46 -> 0 | O46: 46108
A47: =DAYS360(I47,$B$1) -> 61 | C47: Producto: 2106002402010101 / BISA BUDINERA 22 A/T | D47: =VLOOKUP(VALUE(MID($C47,13,2)), codigos!$A$2:$B$60, 2, 1) & " " & VLOOKUP(VALUE(MID($C47,15,4)), codigos!$E$2:$F$102, 2, FALSE) -> BUDINERA 22 | E47: =VLOOKUP(VALUE(MID($C47,19,2)),codigos!$H$2:$I$62,2,1) & " " & VLOOKUP(VALUE(MID($C47,21,2)),codigos!$K$2:$L$12,2,FALSE) -> A/T S/I | F47: LUIS ANTONIO MARTINEZ | G47: BOC | H47: 00000888 | I47: 27/01/2026 | J47: 12 | K47: 12 | L47: =J47-K47 -> 0 | O47: 46108
A48: =DAYS360(I48,$B$1) -> 61 | C48: Producto: 2106002602010101 / BISA BUDINERA 26 A/T | D48: =VLOOKUP(VALUE(MID($C48,13,2)), codigos!$A$2:$B$60, 2, 1) & " " & VLOOKUP(VALUE(MID($C48,15,4)), codigos!$E$2:$F$102, 2, FALSE) -> BUDINERA 26 | E48: =VLOOKUP(VALUE(MID($C48,19,2)),codigos!$H$2:$I$62,2,1) & " " & VLOOKUP(VALUE(MID($C48,21,2)),codigos!$K$2:$L$12,2,FALSE) -> A/T S/I | F48: LUIS ANTONIO MARTINEZ | G48: BOC | H48: 00000888 | I48: 27/01/2026 | J48: 36 | K48: =36 -> 36 | L48: =J48-K48 -> 0 | O48: 46108
A49: =DAYS360(I49,$B$1) -> 61 | C49: Producto: 2106003102010101 / BISA BUDINERA 34 A/T | D49: =VLOOKUP(VALUE(MID($C49,13,2)), codigos!$A$2:$B$60, 2, 1) & " " & VLOOKUP(VALUE(MID($C49,15,4)), codigos!$E$2:$F$102, 2, FALSE) -> BUDINERA 34 | E49: =VLOOKUP(VALUE(MID($C49,19,2)),codigos!$H$2:$I$62,2,1) & " " & VLOOKUP(VALUE(MID($C49,21,2)),codigos!$K$2:$L$12,2,FALSE) -> A/T S/I | F49: LUIS ANTONIO MARTINEZ | G49: BOC | H49: 00000888 | I49: 27/01/2026 | J49: 20 | K49: 0 | L49: =J49-K49 -> 20 | O49: 46108
A50: =DAYS360(I50,$B$1) -> 61 | C50: Producto: 2106003302010101 / BISA BUDINERA 42 A/T | D50: =VLOOKUP(VALUE(MID($C50,13,2)), codigos!$A$2:$B$60, 2, 1) & " " & VLOOKUP(VALUE(MID($C50,15,4)), codigos!$E$2:$F$102, 2, FALSE) -> BUDINERA 42 | E50: =VLOOKUP(VALUE(MID($C50,19,2)),codigos!$H$2:$I$62,2,1) & " " & VLOOKUP(VALUE(MID($C50,21,2)),codigos!$K$2:$L$12,2,FALSE) -> A/T S/I | F50: LUIS ANTONIO MARTINEZ | G50: BOC | H50: 00000888 | I50: 27/01/2026 | J50: 10 | K50: =1+1+8 -> 10 | L50: =J50-K50 -> 0 | O50: 46108
A51: =DAYS360(I51,$B$1) -> 61 | C51: Producto: 2124001702010101 / BISA OLLA CONVEXA 16 A/T | D51: =VLOOKUP(VALUE(MID($C51,13,2)), codigos!$A$2:$B$60, 2, 1) & " " & VLOOKUP(VALUE(MID($C51,15,4)), codigos!$E$2:$F$102, 2, FALSE) -> OLLA CONVEXA 16 | E51: =VLOOKUP(VALUE(MID($C51,19,2)),codigos!$H$2:$I$62,2,1) & " " & VLOOKUP(VALUE(MID($C51,21,2)),codigos!$K$2:$L$12,2,FALSE) -> A/T S/I | F51: LUIS ANTONIO MARTINEZ | G51: BOC | H51: 00000888 | I51: 27/01/2026 | J51: 12 | K51: 12 | L51: =J51-K51 -> 0 | O51: 46108
A52: =DAYS360(I52,$B$1) -> 61 | C52: Producto: 2124002202010101 / BISA OLLA CONVEXA 20 A/T | D52: =VLOOKUP(VALUE(MID($C52,13,2)), codigos!$A$2:$B$60, 2, 1) & " " & VLOOKUP(VALUE(MID($C52,15,4)), codigos!$E$2:$F$102, 2, FALSE) -> OLLA CONVEXA 20 | E52: =VLOOKUP(VALUE(MID($C52,19,2)),codigos!$H$2:$I$62,2,1) & " " & VLOOKUP(VALUE(MID($C52,21,2)),codigos!$K$2:$L$12,2,FALSE) -> A/T S/I | F52: LUIS ANTONIO MARTINEZ | G52: BOC | H52: 00000888 | I52: 27/01/2026 | J52: 24 | K52: =24 -> 24 | L52: =J52-K52 -> 0 | O52: 46108
A53: =DAYS360(I53,$B$1) -> 61 | C53: Producto: 2133001402010101 / BISA POCILLO 12 A/T | D53: =VLOOKUP(VALUE(MID($C53,13,2)), codigos!$A$2:$B$60, 2, 1) & " " & VLOOKUP(VALUE(MID($C53,15,4)), codigos!$E$2:$F$102, 2, FALSE) -> POCILLO 12 | E53: =VLOOKUP(VALUE(MID($C53,19,2)),codigos!$H$2:$I$62,2,1) & " " & VLOOKUP(VALUE(MID($C53,21,2)),codigos!$K$2:$L$12,2,FALSE) -> A/T S/I | F53: LUIS ANTONIO MARTINEZ | G53: BOC | H53: 00000888 | I53: 27/01/2026 | J53: 48 | K53: 48 | L53: =J53-K53 -> 0 | O53: 46108
A54: =DAYS360(I54,$B$1) -> 61 | C54: Producto: 2133001502010101 / BISA POCILLO 14 A/T | D54: =VLOOKUP(VALUE(MID($C54,13,2)), codigos!$A$2:$B$60, 2, 1) & " " & VLOOKUP(VALUE(MID($C54,15,4)), codigos!$E$2:$F$102, 2, FALSE) -> POCILLO 14 | E54: =VLOOKUP(VALUE(MID($C54,19,2)),codigos!$H$2:$I$62,2,1) & " " & VLOOKUP(VALUE(MID($C54,21,2)),codigos!$K$2:$L$12,2,FALSE) -> A/T S/I | F54: LUIS ANTONIO MARTINEZ | G54: BOC | H54: 00000888 | I54: 27/01/2026 | J54: 30 | K54: 30 | L54: =J54-K54 -> 0 | O54: 46108
A55: =DAYS360(I55,$B$1) -> 61 | C55: Producto: 2133001512010101 / BISA POCILLO 14 BICOLOR NARANJA | D55: =VLOOKUP(VALUE(MID($C55,13,2)), codigos!$A$2:$B$60, 2, 1) & " " & VLOOKUP(VALUE(MID($C55,15,4)), codigos!$E$2:$F$102, 2, FALSE) -> POCILLO 14 | E55: =VLOOKUP(VALUE(MID($C55,19,2)),codigos!$H$2:$I$62,2,1) & " " & VLOOKUP(VALUE(MID($C55,21,2)),codigos!$K$2:$L$12,2,FALSE) -> BICOLOR NARANJA S/I | F55: LUIS ANTONIO MARTINEZ | G55: BOC | H55: 00000888 | I55: 27/01/2026 | J55: 30 | K55: =12+4+3+1+1+6+3 -> 30 | L55: =J55-K55 -> 0 | O55: 46108
A56: =DAYS360(I56,$B$1) -> 59 | C56: Producto: 2106002502010101 / BISA BUDINERA 24 A/T | D56: =VLOOKUP(VALUE(MID($C56,13,2)), codigos!$A$2:$B$60, 2, 1) & " " & VLOOKUP(VALUE(MID($C56,15,4)), codigos!$E$2:$F$102, 2, FALSE) -> BUDINERA 24 | E56: =VLOOKUP(VALUE(MID($C56,19,2)),codigos!$H$2:$I$62,2,1) & " " & VLOOKUP(VALUE(MID($C56,21,2)),codigos!$K$2:$L$12,2,FALSE) -> A/T S/I | F56: LEONCIO MARTINEZ | G56: BOC | H56: 00000889 | I56: 29/01/2026 | J56: 12 | K56: 12 | L56: =J56-K56 -> 0 | M56: =(SUM(K56:K64))/(SUM(J56:J64)) -> 0.92134831 | O56: 46108
A57: =DAYS360(I57,$B$1) -> 59 | C57: Producto: 2106002602010101 / BISA BUDINERA 26 A/T | D57: =VLOOKUP(VALUE(MID($C57,13,2)), codigos!$A$2:$B$60, 2, 1) & " " & VLOOKUP(VALUE(MID($C57,15,4)), codigos!$E$2:$F$102, 2, FALSE) -> BUDINERA 26 | E57: =VLOOKUP(VALUE(MID($C57,19,2)),codigos!$H$2:$I$62,2,1) & " " & VLOOKUP(VALUE(MID($C57,21,2)),codigos!$K$2:$L$12,2,FALSE) -> A/T S/I | F57: LEONCIO MARTINEZ | G57: BOC | H57: 00000889 | I57: 29/01/2026 | J57: 12 | K57: =12-12+8 -> 8 | L57: =J57-K57 -> 4 | O57: 46108
A58: =DAYS360(I58,$B$1) -> 59 | C58: Producto: 2106003102010101 / BISA BUDINERA 34 A/T | D58: =VLOOKUP(VALUE(MID($C58,13,2)), codigos!$A$2:$B$60, 2, 1) & " " & VLOOKUP(VALUE(MID($C58,15,4)), codigos!$E$2:$F$102, 2, FALSE) -> BUDINERA 34 | E58: =VLOOKUP(VALUE(MID($C58,19,2)),codigos!$H$2:$I$62,2,1) & " " & VLOOKUP(VALUE(MID($C58,21,2)),codigos!$K$2:$L$12,2,FALSE) -> A/T S/I | F58: LEONCIO MARTINEZ | G58: BOC | H58: 00000889 | I58: 29/01/2026 | J58: 4 | K58: 4 | L58: =J58-K58 -> 0 | O58: 46108
A59: =DAYS360(I59,$B$1) -> 59 | C59: Producto: 2106003302010101 / BISA BUDINERA 42 A/T | D59: =VLOOKUP(VALUE(MID($C59,13,2)), codigos!$A$2:$B$60, 2, 1) & " " & VLOOKUP(VALUE(MID($C59,15,4)), codigos!$E$2:$F$102, 2, FALSE) -> BUDINERA 42 | E59: =VLOOKUP(VALUE(MID($C59,19,2)),codigos!$H$2:$I$62,2,1) & " " & VLOOKUP(VALUE(MID($C59,21,2)),codigos!$K$2:$L$12,2,FALSE) -> A/T S/I | F59: LEONCIO MARTINEZ | G59: BOC | H59: 00000889 | I59: 29/01/2026 | J59: 4 | K59: =4 -> 4 | L59: =J59-K59 -> 0 | O59: 46108
A60: =DAYS360(I60,$B$1) -> 59 | C60: Producto: 2124001702010101 / BISA OLLA CONVEXA 16 A/T | D60: =VLOOKUP(VALUE(MID($C60,13,2)), codigos!$A$2:$B$60, 2, 1) & " " & VLOOKUP(VALUE(MID($C60,15,4)), codigos!$E$2:$F$102, 2, FALSE) -> OLLA CONVEXA 16 | E60: =VLOOKUP(VALUE(MID($C60,19,2)),codigos!$H$2:$I$62,2,1) & " " & VLOOKUP(VALUE(MID($C60,21,2)),codigos!$K$2:$L$12,2,FALSE) -> A/T S/I | F60: LEONCIO MARTINEZ | G60: BOC | H60: 00000889 | I60: 29/01/2026 | J60: 24 | K60: =6+4+12+2 -> 24 | L60: =J60-K60 -> 0 | O60: 46108
A61: =DAYS360(I61,$B$1) -> 59 | C61: Producto: 2124002202010101 / BISA OLLA CONVEXA 20 A/T | D61: =VLOOKUP(VALUE(MID($C61,13,2)), codigos!$A$2:$B$60, 2, 1) & " " & VLOOKUP(VALUE(MID($C61,15,4)), codigos!$E$2:$F$102, 2, FALSE) -> OLLA CONVEXA 20 | E61: =VLOOKUP(VALUE(MID($C61,19,2)),codigos!$H$2:$I$62,2,1) & " " & VLOOKUP(VALUE(MID($C61,21,2)),codigos!$K$2:$L$12,2,FALSE) -> A/T S/I | F61: LEONCIO MARTINEZ | G61: BOC | H61: 00000889 | I61: 29/01/2026 | J61: 12 | K61: =5+7 -> 12 | L61: =J61-K61 -> 0 | O61: 46108
A62: =DAYS360(I62,$B$1) -> 59 | C62: Producto: 2124002902010101 / BISA OLLA CONVEXA 30 A/T | D62: =VLOOKUP(VALUE(MID($C62,13,2)), codigos!$A$2:$B$60, 2, 1) & " " & VLOOKUP(VALUE(MID($C62,15,4)), codigos!$E$2:$F$102, 2, FALSE) -> OLLA CONVEXA 30 | E62: =VLOOKUP(VALUE(MID($C62,19,2)),codigos!$H$2:$I$62,2,1) & " " & VLOOKUP(VALUE(MID($C62,21,2)),codigos!$K$2:$L$12,2,FALSE) -> A/T S/I | F62: LEONCIO MARTINEZ | G62: BOC | H62: 00000889 | I62: 29/01/2026 | J62: 6 | K62: 6 | L62: =J62-K62 -> 0 | O62: 46108
A63: =DAYS360(I63,$B$1) -> 59 | C63: Producto: 2125003302010101 / BISA OLLA RECTA 42 A/T | D63: =VLOOKUP(VALUE(MID($C63,13,2)), codigos!$A$2:$B$60, 2, 1) & " " & VLOOKUP(VALUE(MID($C63,15,4)), codigos!$E$2:$F$102, 2, FALSE) -> OLLA RECTA 42 | E63: =VLOOKUP(VALUE(MID($C63,19,2)),codigos!$H$2:$I$62,2,1) & " " & VLOOKUP(VALUE(MID($C63,21,2)),codigos!$K$2:$L$12,2,FALSE) -> A/T S/I | F63: LEONCIO MARTINEZ | G63: BOC | H63: 00000889 | I63: 29/01/2026 | J63: 3 | K63: 0 | L63: =J63-K63 -> 3 | O63: 46108
A64: =DAYS360(I64,$B$1) -> 59 | C64: Producto: 2136002402010101 / BISA SARTEN 22 A/T | D64: =VLOOKUP(VALUE(MID($C64,13,2)), codigos!$A$2:$B$60, 2, 1) & " " & VLOOKUP(VALUE(MID($C64,15,4)), codigos!$E$2:$F$102, 2, FALSE) -> SARTEN 22 | E64: =VLOOKUP(VALUE(MID($C64,19,2)),codigos!$H$2:$I$62,2,1) & " " & VLOOKUP(VALUE(MID($C64,21,2)),codigos!$K$2:$L$12,2,FALSE) -> A/T S/I | F64: LEONCIO MARTINEZ | G64: BOC | H64: 00000889 | I64: 29/01/2026 | J64: 12 | K64: 12 | L64: =J64-K64 -> 0 | O64: 46108
A65: =DAYS360(I65,$B$1) -> 59 | C65: Producto: 1103001319010101 / BISA BAÑO 10 GALVANIZADO | D65: =VLOOKUP(VALUE(MID($C65,13,2)), codigos!$A$2:$B$60, 2, 1) & " " & VLOOKUP(VALUE(MID($C65,15,4)), codigos!$E$2:$F$102, 2, FALSE) -> BAÑO 10 | E65: =VLOOKUP(VALUE(MID($C65,19,2)),codigos!$H$2:$I$62,2,1) & " " & VLOOKUP(VALUE(MID($C65,21,2)),codigos!$K$2:$L$12,2,FALSE) -> GALVANIZADO S/I | F65: LEONCIO MARTINEZ | G65: BOC | H65: 00000890 | I65: 29/01/2026 | J65: 20 | K65: 20 | L65: =J65-K65 -> 0 | M65: =(SUM(K65:K66))/(SUM(J65:J66)) -> 0.4 | O65: 46108
A66: =DAYS360(I66,$B$1) -> 59 | C66: Producto: 1103001419010101 / BISA BAÑO 12 GALVANIZADO | D66: =VLOOKUP(VALUE(MID($C66,13,2)), codigos!$A$2:$B$60, 2, 1) & " " & VLOOKUP(VALUE(MID($C66,15,4)), codigos!$E$2:$F$102, 2, FALSE) -> BAÑO 12 | E66: =VLOOKUP(VALUE(MID($C66,19,2)),codigos!$H$2:$I$62,2,1) & " " & VLOOKUP(VALUE(MID($C66,21,2)),codigos!$K$2:$L$12,2,FALSE) -> GALVANIZADO S/I | F66: LEONCIO MARTINEZ | G66: BOC | H66: 00000890 | I66: 29/01/2026 | J66: 30 | K66: 0 | L66: =J66-K66 -> 30 | O66: 46108
A67: =DAYS360(I67,$B$1) -> 48 | C67: Producto: 2133000916070101 / BISA POCILLO 5 BLANCO C/F ROJO | D67: =VLOOKUP(VALUE(MID($C67,13,2)), codigos!$A$2:$B$60, 2, 1) & " " & VLOOKUP(VALUE(MID($C67,15,4)), codigos!$E$2:$F$102, 2, FALSE) -> POCILLO 5 | E67: =VLOOKUP(VALUE(MID($C67,19,2)),codigos!$H$2:$I$62,2,1) & " " & VLOOKUP(VALUE(MID($C67,21,2)),codigos!$K$2:$L$12,2,FALSE) -> BLANCO ROJO | F67: PEDRO ANGELES GILDARDO | G67: VT1 | H67: 00003632 | I67: 10/02/2026 | J67: 360 | K67: =8+24+120+24 -> 176 | L67: =J67-K67 -> 184 | M67: =(SUM(K67))/(SUM(J67)) -> 0.48888889 | O67: 46106
A68: =DAYS360(I68,$B$1) -> 45 | C68: Producto: 2106002902010101 / BISA BUDINERA 30 A/T | D68: =VLOOKUP(VALUE(MID($C68,13,2)), codigos!$A$2:$B$60, 2, 1) & " " & VLOOKUP(VALUE(MID($C68,15,4)), codigos!$E$2:$F$102, 2, FALSE) -> BUDINERA 30 | E68: =VLOOKUP(VALUE(MID($C68,19,2)),codigos!$H$2:$I$62,2,1) & " " & VLOOKUP(VALUE(MID($C68,21,2)),codigos!$K$2:$L$12,2,FALSE) -> A/T S/I | F68: LA COMERCIAL DE TEHUACAN | G68: VT2 | H68: 00005109 | I68: 13/02/2026 | J68: 20 | K68: =10+10 -> 20 | L68: =J68-K68 -> 0 | M68: =(SUM(K68:K73))/(SUM(J68:J73)) -> 0.96923077 | O68: 46106
A69: =DAYS360(I69,$B$1) -> 45 | C69: Producto: 2106003302010101 / BISA BUDINERA 42 A/T | D69: =VLOOKUP(VALUE(MID($C69,13,2)), codigos!$A$2:$B$60, 2, 1) & " " & VLOOKUP(VALUE(MID($C69,15,4)), codigos!$E$2:$F$102, 2, FALSE) -> BUDINERA 42 | E69: =VLOOKUP(VALUE(MID($C69,19,2)),codigos!$H$2:$I$62,2,1) & " " & VLOOKUP(VALUE(MID($C69,21,2)),codigos!$K$2:$L$12,2,FALSE) -> A/T S/I | F69: LA COMERCIAL DE TEHUACAN | G69: VT2 | H69: 00005109 | I69: 13/02/2026 | J69: 40 | K69: =2+6+3+6+10+1 -> 28 | L69: =J69-K69 -> 12 | O69: 46106
A70: =DAYS360(I70,$B$1) -> 45 | C70: Producto: 2110002427010101 / BISA COMAL 22 NEGRO MOTAS | D70: =VLOOKUP(VALUE(MID($C70,13,2)), codigos!$A$2:$B$60, 2, 1) & " " & VLOOKUP(VALUE(MID($C70,15,4)), codigos!$E$2:$F$102, 2, FALSE) -> COMAL 22 | E70: =VLOOKUP(VALUE(MID($C70,19,2)),codigos!$H$2:$I$62,2,1) & " " & VLOOKUP(VALUE(MID($C70,21,2)),codigos!$K$2:$L$12,2,FALSE) -> NEGRO MOTAS S/I | F70: LA COMERCIAL DE TEHUACAN | G70: VT2 | H70: 00005109 | I70: 13/02/2026 | J70: 240 | K70: 240 | L70: =J70-K70 -> 0 | O70: 46106
A71: =DAYS360(I71,$B$1) -> 45 | C71: Producto: 2110002827010101 / BISA COMAL 28 NEGRO MOTAS | D71: =VLOOKUP(VALUE(MID($C71,13,2)), codigos!$A$2:$B$60, 2, 1) & " " & VLOOKUP(VALUE(MID($C71,15,4)), codigos!$E$2:$F$102, 2, FALSE) -> COMAL 28 | E71: =VLOOKUP(VALUE(MID($C71,19,2)),codigos!$H$2:$I$62,2,1) & " " & VLOOKUP(VALUE(MID($C71,21,2)),codigos!$K$2:$L$12,2,FALSE) -> NEGRO MOTAS S/I | F71: LA COMERCIAL DE TEHUACAN | G71: VT2 | H71: 00005109 | I71: 13/02/2026 | J71: 600 | K71: =5+24+36+9+6+7-5+1+4+24+40+240+84+6+9+110 -> 600 | L71: =J71-K71 -> 0 | O71: 46106
A72: =DAYS360(I72,$B$1) -> 45 | C72: Producto: 2110003227010101 / BISA COMAL 36 NEGRO MOTAS | D72: =VLOOKUP(VALUE(MID($C72,13,2)), codigos!$A$2:$B$60, 2, 1) & " " & VLOOKUP(VALUE(MID($C72,15,4)), codigos!$E$2:$F$102, 2, FALSE) -> COMAL 36 | E72: =VLOOKUP(VALUE(MID($C72,19,2)),codigos!$H$2:$I$62,2,1) & " " & VLOOKUP(VALUE(MID($C72,21,2)),codigos!$K$2:$L$12,2,FALSE) -> NEGRO MOTAS S/I | F72: LA COMERCIAL DE TEHUACAN | G72: VT2 | H72: 00005109 | I72: 13/02/2026 | J72: 120 | K72: =24+36+11+49 -> 120 | L72: =J72-K72 -> 0 | O72: 46106
A73: =DAYS360(I73,$B$1) -> 45 | C73: Producto: 2125003302010101 / BISA OLLA RECTA 42 A/T | D73: =VLOOKUP(VALUE(MID($C73,13,2)), codigos!$A$2:$B$60, 2, 1) & " " & VLOOKUP(VALUE(MID($C73,15,4)), codigos!$E$2:$F$102, 2, FALSE) -> OLLA RECTA 42 | E73: =VLOOKUP(VALUE(MID($C73,19,2)),codigos!$H$2:$I$62,2,1) & " " & VLOOKUP(VALUE(MID($C73,21,2)),codigos!$K$2:$L$12,2,FALSE) -> A/T S/I | F73: LA COMERCIAL DE TEHUACAN | G73: VT2 | H73: 00005109 | I73: 13/02/2026 | J73: 20 | K73: 0 | L73: =J73-K73 -> 20 | O73: 46106
A74: =DAYS360(I74,$B$1) -> 42 | C74: Producto: 2130003016050101 / BISA PLATO LISO 32 BLANCO C/F NEGRO | D74: =VLOOKUP(VALUE(MID($C74,13,2)), codigos!$A$2:$B$60, 2, 1) & " " & VLOOKUP(VALUE(MID($C74,15,4)), codigos!$E$2:$F$102, 2, FALSE) -> PLATO LISO 32 | E74: =VLOOKUP(VALUE(MID($C74,19,2)),codigos!$H$2:$I$62,2,1) & " " & VLOOKUP(VALUE(MID($C74,21,2)),codigos!$K$2:$L$12,2,FALSE) -> BLANCO NEGRO | F74: ANA MERCEDES ZAMUDIO | G74: VT2 | H74: 00005112 | I74: 16/02/2026 | J74: 60 | K74: =12+18 -> 30 | L74: =J74-K74 -> 30 | M74: =(SUM(K74:K75))/(SUM(J74:J75)) -> 0.73888889 | O74: 46108
A75: =DAYS360(I75,$B$1) -> 42 | C75: Producto: 2133001002010101 / BISA POCILLO 6 A/T | D75: =VLOOKUP(VALUE(MID($C75,13,2)), codigos!$A$2:$B$60, 2, 1) & " " & VLOOKUP(VALUE(MID($C75,15,4)), codigos!$E$2:$F$102, 2, FALSE) -> POCILLO 6 | E75: =VLOOKUP(VALUE(MID($C75,19,2)),codigos!$H$2:$I$62,2,1) & " " & VLOOKUP(VALUE(MID($C75,21,2)),codigos!$K$2:$L$12,2,FALSE) -> A/T S/I | F75: ANA MERCEDES ZAMUDIO | G75: VT2 | H75: 00005112 | I75: 16/02/2026 | J75: 120 | K75: 103 | L75: =J75-K75 -> 17 | O75: 46108
A76: =DAYS360(I76,$B$1) -> 42 | C76: Producto: 2101002216050101 / BISA BACINICA 20 BLANCO C/F NEGRO | D76: =VLOOKUP(VALUE(MID($C76,13,2)), codigos!$A$2:$B$60, 2, 1) & " " & VLOOKUP(VALUE(MID($C76,15,4)), codigos!$E$2:$F$102, 2, FALSE) -> BACINICA 20 | E76: =VLOOKUP(VALUE(MID($C76,19,2)),codigos!$H$2:$I$62,2,1) & " " & VLOOKUP(VALUE(MID($C76,21,2)),codigos!$K$2:$L$12,2,FALSE) -> BLANCO NEGRO | F76: MARIA DEL CARMEN AMEZCUA | G76: VT2 | H76: 00005113 | I76: 16/02/2026 | J76: 24 | K76: 24 | L76: =J76-K76 -> 0 | M76: =(SUM(K76:K112))/(SUM(J76:J112)) -> 0.95505618 | O76: 46127
A77: =DAYS360(I77,$B$1) -> 42 | C77: Producto: 2106001502010101 / BISA BUDINERA 14 A/T | D77: =VLOOKUP(VALUE(MID($C77,13,2)), codigos!$A$2:$B$60, 2, 1) & " " & VLOOKUP(VALUE(MID($C77,15,4)), codigos!$E$2:$F$102, 2, FALSE) -> BUDINERA 14 | E77: =VLOOKUP(VALUE(MID($C77,19,2)),codigos!$H$2:$I$62,2,1) & " " & VLOOKUP(VALUE(MID($C77,21,2)),codigos!$K$2:$L$12,2,FALSE) -> A/T S/I | F77: MARIA DEL CARMEN AMEZCUA | G77: VT2 | H77: 00005113 | I77: 16/02/2026 | J77: 18 | K77: 18 | L77: =J77-K77 -> 0 | O77: 46127
A78: =DAYS360(I78,$B$1) -> 42 | C78: Producto: 2106001702010101 / BISA BUDINERA 16 A/T | D78: =VLOOKUP(VALUE(MID($C78,13,2)), codigos!$A$2:$B$60, 2, 1) & " " & VLOOKUP(VALUE(MID($C78,15,4)), codigos!$E$2:$F$102, 2, FALSE) -> BUDINERA 16 | E78: =VLOOKUP(VALUE(MID($C78,19,2)),codigos!$H$2:$I$62,2,1) & " " & VLOOKUP(VALUE(MID($C78,21,2)),codigos!$K$2:$L$12,2,FALSE) -> A/T S/I | F78: MARIA DEL CARMEN AMEZCUA | G78: VT2 | H78: 00005113 | I78: 16/02/2026 | J78: 18 | K78: =1+1+16 -> 18 | L78: =J78-K78 -> 0 | O78: 46127
A79: =DAYS360(I79,$B$1) -> 42 | C79: Producto: 2106002102010101 / BISA BUDINERA 18 A/T | D79: =VLOOKUP(VALUE(MID($C79,13,2)), codigos!$A$2:$B$60, 2, 1) & " " & VLOOKUP(VALUE(MID($C79,15,4)), codigos!$E$2:$F$102, 2, FALSE) -> BUDINERA 18 | E79: =VLOOKUP(VALUE(MID($C79,19,2)),codigos!$H$2:$I$62,2,1) & " " & VLOOKUP(VALUE(MID($C79,21,2)),codigos!$K$2:$L$12,2,FALSE) -> A/T S/I | F79: MARIA DEL CARMEN AMEZCUA | G79: VT2 | H79: 00005113 | I79: 16/02/2026 | J79: 18 | K79: =18-13+13 -> 18 | L79: =J79-K79 -> 0 | O79: 46127
A80: =DAYS360(I80,$B$1) -> 42 | C80: Producto: 2106002202010101 / BISA BUDINERA 20 A/T | D80: =VLOOKUP(VALUE(MID($C80,13,2)), codigos!$A$2:$B$60, 2, 1) & " " & VLOOKUP(VALUE(MID($C80,15,4)), codigos!$E$2:$F$102, 2, FALSE) -> BUDINERA 20 | E80: =VLOOKUP(VALUE(MID($C80,19,2)),codigos!$H$2:$I$62,2,1) & " " & VLOOKUP(VALUE(MID($C80,21,2)),codigos!$K$2:$L$12,2,FALSE) -> A/T S/I | F80: MARIA DEL CARMEN AMEZCUA | G80: VT2 | H80: 00005113 | I80: 16/02/2026 | J80: 18 | K80: 18 | L80: =J80-K80 -> 0 | O80: 46127
A81: =DAYS360(I81,$B$1) -> 42 | C81: Producto: 2106002402010101 / BISA BUDINERA 22 A/T | D81: =VLOOKUP(VALUE(MID($C81,13,2)), codigos!$A$2:$B$60, 2, 1) & " " & VLOOKUP(VALUE(MID($C81,15,4)), codigos!$E$2:$F$102, 2, FALSE) -> BUDINERA 22 | E81: =VLOOKUP(VALUE(MID($C81,19,2)),codigos!$H$2:$I$62,2,1) & " " & VLOOKUP(VALUE(MID($C81,21,2)),codigos!$K$2:$L$12,2,FALSE) -> A/T S/I | F81: MARIA DEL CARMEN AMEZCUA | G81: VT2 | H81: 00005113 | I81: 16/02/2026 | J81: 12 | K81: =12 -> 12 | L81: =J81-K81 -> 0 | O81: 46127
A82: =DAYS360(I82,$B$1) -> 42 | C82: Producto: 2106002502010101 / BISA BUDINERA 24 A/T | D82: =VLOOKUP(VALUE(MID($C82,13,2)), codigos!$A$2:$B$60, 2, 1) & " " & VLOOKUP(VALUE(MID($C82,15,4)), codigos!$E$2:$F$102, 2, FALSE) -> BUDINERA 24 | E82: =VLOOKUP(VALUE(MID($C82,19,2)),codigos!$H$2:$I$62,2,1) & " " & VLOOKUP(VALUE(MID($C82,21,2)),codigos!$K$2:$L$12,2,FALSE) -> A/T S/I | F82: MARIA DEL CARMEN AMEZCUA | G82: VT2 | H82: 00005113 | I82: 16/02/2026 | J82: 12 | K82: =12 -> 12 | L82: =J82-K82 -> 0 | O82: 46127
A83: =DAYS360(I83,$B$1) -> 42 | C83: Producto: 2106002602010101 / BISA BUDINERA 26 A/T | D83: =VLOOKUP(VALUE(MID($C83,13,2)), codigos!$A$2:$B$60, 2, 1) & " " & VLOOKUP(VALUE(MID($C83,15,4)), codigos!$E$2:$F$102, 2, FALSE) -> BUDINERA 26 | E83: =VLOOKUP(VALUE(MID($C83,19,2)),codigos!$H$2:$I$62,2,1) & " " & VLOOKUP(VALUE(MID($C83,21,2)),codigos!$K$2:$L$12,2,FALSE) -> A/T S/I | F83: MARIA DEL CARMEN AMEZCUA | G83: VT2 | H83: 00005113 | I83: 16/02/2026 | J83: 12 | K83: =1 -> 1 | L83: =J83-K83 -> 11 | O83: 46127
A84: =DAYS360(I84,$B$1) -> 42 | C84: Producto: 2106002902010101 / BISA BUDINERA 30 A/T | D84: =VLOOKUP(VALUE(MID($C84,13,2)), codigos!$A$2:$B$60, 2, 1) & " " & VLOOKUP(VALUE(MID($C84,15,4)), codigos!$E$2:$F$102, 2, FALSE) -> BUDINERA 30 | E84: =VLOOKUP(VALUE(MID($C84,19,2)),codigos!$H$2:$I$62,2,1) & " " & VLOOKUP(VALUE(MID($C84,21,2)),codigos!$K$2:$L$12,2,FALSE) -> A/T S/I | F84: MARIA DEL CARMEN AMEZCUA | G84: VT2 | H84: 00005113 | I84: 16/02/2026 | J84: 6 | K84: =6 -> 6 | L84: =J84-K84 -> 0 | O84: 46127
A85: =DAYS360(I85,$B$1) -> 42 | C85: Producto: 2106003102010101 / BISA BUDINERA 34 A/T | D85: =VLOOKUP(VALUE(MID($C85,13,2)), codigos!$A$2:$B$60, 2, 1) & " " & VLOOKUP(VALUE(MID($C85,15,4)), codigos!$E$2:$F$102, 2, FALSE) -> BUDINERA 34 | E85: =VLOOKUP(VALUE(MID($C85,19,2)),codigos!$H$2:$I$62,2,1) & " " & VLOOKUP(VALUE(MID($C85,21,2)),codigos!$K$2:$L$12,2,FALSE) -> A/T S/I | F85: MARIA DEL CARMEN AMEZCUA | G85: VT2 | H85: 00005113 | I85: 16/02/2026 | J85: 4 | K85: 4 | L85: =J85-K85 -> 0 | O85: 46127
A86: =DAYS360(I86,$B$1) -> 42 | C86: Producto: 2106003302010101 / BISA BUDINERA 42 A/T | D86: =VLOOKUP(VALUE(MID($C86,13,2)), codigos!$A$2:$B$60, 2, 1) & " " & VLOOKUP(VALUE(MID($C86,15,4)), codigos!$E$2:$F$102, 2, FALSE) -> BUDINERA 42 | E86: =VLOOKUP(VALUE(MID($C86,19,2)),codigos!$H$2:$I$62,2,1) & " " & VLOOKUP(VALUE(MID($C86,21,2)),codigos!$K$2:$L$12,2,FALSE) -> A/T S/I | F86: MARIA DEL CARMEN AMEZCUA | G86: VT2 | H86: 00005113 | I86: 16/02/2026 | J86: 2 | K86: =2 -> 2 | L86: =J86-K86 -> 0 | O86: 46127
A87: =DAYS360(I87,$B$1) -> 42 | C87: Producto: 2107001502010101 / BISA CAZO 14 A/T | D87: =VLOOKUP(VALUE(MID($C87,13,2)), codigos!$A$2:$B$60, 2, 1) & " " & VLOOKUP(VALUE(MID($C87,15,4)), codigos!$E$2:$F$102, 2, FALSE) -> CAZO 14 | E87: =VLOOKUP(VALUE(MID($C87,19,2)),codigos!$H$2:$I$62,2,1) & " " & VLOOKUP(VALUE(MID($C87,21,2)),codigos!$K$2:$L$12,2,FALSE) -> A/T S/I | F87: MARIA DEL CARMEN AMEZCUA | G87: VT2 | H87: 00005113 | I87: 16/02/2026 | J87: 12 | K87: 12 | L87: =J87-K87 -> 0 | O87: 46127
A88: =DAYS360(I88,$B$1) -> 42 | C88: Producto: 2107001702010101 / BISA CAZO 16 A/T | D88: =VLOOKUP(VALUE(MID($C88,13,2)), codigos!$A$2:$B$60, 2, 1) & " " & VLOOKUP(VALUE(MID($C88,15,4)), codigos!$E$2:$F$102, 2, FALSE) -> CAZO 16 | E88: =VLOOKUP(VALUE(MID($C88,19,2)),codigos!$H$2:$I$62,2,1) & " " & VLOOKUP(VALUE(MID($C88,21,2)),codigos!$K$2:$L$12,2,FALSE) -> A/T S/I | F88: MARIA DEL CARMEN AMEZCUA | G88: VT2 | H88: 00005113 | I88: 16/02/2026 | J88: 12 | K88: 0 | L88: =J88-K88 -> 12 | O88: 46127
A89: =DAYS360(I89,$B$1) -> 42 | C89: Producto: 2110002427010101 / BISA COMAL 22 NEGRO MOTAS | D89: =VLOOKUP(VALUE(MID($C89,13,2)), codigos!$A$2:$B$60, 2, 1) & " " & VLOOKUP(VALUE(MID($C89,15,4)), codigos!$E$2:$F$102, 2, FALSE) -> COMAL 22 | E89: =VLOOKUP(VALUE(MID($C89,19,2)),codigos!$H$2:$I$62,2,1) & " " & VLOOKUP(VALUE(MID($C89,21,2)),codigos!$K$2:$L$12,2,FALSE) -> NEGRO MOTAS S/I | F89: MARIA DEL CARMEN AMEZCUA | G89: VT2 | H89: 00005113 | I89: 16/02/2026 | J89: 24 | K89: 24 | L89: =J89-K89 -> 0 | O89: 46127
A90: =DAYS360(I90,$B$1) -> 42 | C90: Producto: 2110002827010101 / BISA COMAL 28 NEGRO MOTAS | D90: =VLOOKUP(VALUE(MID($C90,13,2)), codigos!$A$2:$B$60, 2, 1) & " " & VLOOKUP(VALUE(MID($C90,15,4)), codigos!$E$2:$F$102, 2, FALSE) -> COMAL 28 | E90: =VLOOKUP(VALUE(MID($C90,19,2)),codigos!$H$2:$I$62,2,1) & " " & VLOOKUP(VALUE(MID($C90,21,2)),codigos!$K$2:$L$12,2,FALSE) -> NEGRO MOTAS S/I | F90: MARIA DEL CARMEN AMEZCUA | G90: VT2 | H90: 00005113 | I90: 16/02/2026 | J90: 12 | K90: 12 | L90: =J90-K90 -> 0 | O90: 46127
A91: =DAYS360(I91,$B$1) -> 42 | C91: Producto: 2124001502010101 / BISA OLLA CONVEXA 14 A/T | D91: =VLOOKUP(VALUE(MID($C91,13,2)), codigos!$A$2:$B$60, 2, 1) & " " & VLOOKUP(VALUE(MID($C91,15,4)), codigos!$E$2:$F$102, 2, FALSE) -> OLLA CONVEXA 14 | E91: =VLOOKUP(VALUE(MID($C91,19,2)),codigos!$H$2:$I$62,2,1) & " " & VLOOKUP(VALUE(MID($C91,21,2)),codigos!$K$2:$L$12,2,FALSE) -> A/T S/I | F91: MARIA DEL CARMEN AMEZCUA | G91: VT2 | H91: 00005113 | I91: 16/02/2026 | J91: 18 | K91: =4+14 -> 18 | L91: =J91-K91 -> 0 | O91: 46127
A92: =DAYS360(I92,$B$1) -> 42 | C92: Producto: 2124001702010101 / BISA OLLA CONVEXA 16 A/T | D92: =VLOOKUP(VALUE(MID($C92,13,2)), codigos!$A$2:$B$60, 2, 1) & " " & VLOOKUP(VALUE(MID($C92,15,4)), codigos!$E$2:$F$102, 2, FALSE) -> OLLA CONVEXA 16 | E92: =VLOOKUP(VALUE(MID($C92,19,2)),codigos!$H$2:$I$62,2,1) & " " & VLOOKUP(VALUE(MID($C92,21,2)),codigos!$K$2:$L$12,2,FALSE) -> A/T S/I | F92: MARIA DEL CARMEN AMEZCUA | G92: VT2 | H92: 00005113 | I92: 16/02/2026 | J92: 12 | K92: 12 | L92: =J92-K92 -> 0 | O92: 46127
A93: =DAYS360(I93,$B$1) -> 42 | C93: Producto: 2124002202010101 / BISA OLLA CONVEXA 20 A/T | D93: =VLOOKUP(VALUE(MID($C93,13,2)), codigos!$A$2:$B$60, 2, 1) & " " & VLOOKUP(VALUE(MID($C93,15,4)), codigos!$E$2:$F$102, 2, FALSE) -> OLLA CONVEXA 20 | E93: =VLOOKUP(VALUE(MID($C93,19,2)),codigos!$H$2:$I$62,2,1) & " " & VLOOKUP(VALUE(MID($C93,21,2)),codigos!$K$2:$L$12,2,FALSE) -> A/T S/I | F93: MARIA DEL CARMEN AMEZCUA | G93: VT2 | H93: 00005113 | I93: 16/02/2026 | J93: 12 | K93: =12 -> 12 | L93: =J93-K93 -> 0 | O93: 46127
A94: =DAYS360(I94,$B$1) -> 42 | C94: Producto: 2124002902010101 / BISA OLLA CONVEXA 30 A/T | D94: =VLOOKUP(VALUE(MID($C94,13,2)), codigos!$A$2:$B$60, 2, 1) & " " & VLOOKUP(VALUE(MID($C94,15,4)), codigos!$E$2:$F$102, 2, FALSE) -> OLLA CONVEXA 30 | E94: =VLOOKUP(VALUE(MID($C94,19,2)),codigos!$H$2:$I$62,2,1) & " " & VLOOKUP(VALUE(MID($C94,21,2)),codigos!$K$2:$L$12,2,FALSE) -> A/T S/I | F94: MARIA DEL CARMEN AMEZCUA | G94: VT2 | H94: 00005113 | I94: 16/02/2026 | J94: 4 | K94: =4 -> 4 | L94: =J94-K94 -> 0 | O94: 46127
A95: =DAYS360(I95,$B$1) -> 42 | C95: Producto: 2124003102010101 / BISA OLLA CONVEXA 34 A/T | D95: =VLOOKUP(VALUE(MID($C95,13,2)), codigos!$A$2:$B$60, 2, 1) & " " & VLOOKUP(VALUE(MID($C95,15,4)), codigos!$E$2:$F$102, 2, FALSE) -> OLLA CONVEXA 34 | E95: =VLOOKUP(VALUE(MID($C95,19,2)),codigos!$H$2:$I$62,2,1) & " " & VLOOKUP(VALUE(MID($C95,21,2)),codigos!$K$2:$L$12,2,FALSE) -> A/T S/I | F95: MARIA DEL CARMEN AMEZCUA | G95: VT2 | H95: 00005113 | I95: 16/02/2026 | J95: 4 | K95: 4 | L95: =J95-K95 -> 0 | O95: 46127
A96: =DAYS360(I96,$B$1) -> 42 | C96: Producto: 2125001502010101 / BISA OLLA RECTA 14 A/T | D96: =VLOOKUP(VALUE(MID($C96,13,2)), codigos!$A$2:$B$60, 2, 1) & " " & VLOOKUP(VALUE(MID($C96,15,4)), codigos!$E$2:$F$102, 2, FALSE) -> OLLA RECTA 14 | E96: =VLOOKUP(VALUE(MID($C96,19,2)),codigos!$H$2:$I$62,2,1) & " " & VLOOKUP(VALUE(MID($C96,21,2)),codigos!$K$2:$L$12,2,FALSE) -> A/T S/I | F96: MARIA DEL CARMEN AMEZCUA | G96: VT2 | H96: 00005113 | I96: 16/02/2026 | J96: 18 | K96: 18 | L96: =J96-K96 -> 0 | O96: 46127
A97: =DAYS360(I97,$B$1) -> 42 | C97: Producto: 2125001702010101 / BISA OLLA RECTA 16 A/T | D97: =VLOOKUP(VALUE(MID($C97,13,2)), codigos!$A$2:$B$60, 2, 1) & " " & VLOOKUP(VALUE(MID($C97,15,4)), codigos!$E$2:$F$102, 2, FALSE) -> OLLA RECTA 16 | E97: =VLOOKUP(VALUE(MID($C97,19,2)),codigos!$H$2:$I$62,2,1) & " " & VLOOKUP(VALUE(MID($C97,21,2)),codigos!$K$2:$L$12,2,FALSE) -> A/T S/I | F97: MARIA DEL CARMEN AMEZCUA | G97: VT2 | H97: 00005113 | I97: 16/02/2026 | J97: 12 | K97: 12 | L97: =J97-K97 -> 0 | O97: 46127
A98: =DAYS360(I98,$B$1) -> 42 | C98: Producto: 2125002102010101 / BISA OLLA RECTA 18 A/T | D98: =VLOOKUP(VALUE(MID($C98,13,2)), codigos!$A$2:$B$60, 2, 1) & " " & VLOOKUP(VALUE(MID($C98,15,4)), codigos!$E$2:$F$102, 2, FALSE) -> OLLA RECTA 18 | E98: =VLOOKUP(VALUE(MID($C98,19,2)),codigos!$H$2:$I$62,2,1) & " " & VLOOKUP(VALUE(MID($C98,21,2)),codigos!$K$2:$L$12,2,FALSE) -> A/T S/I | F98: MARIA DEL CARMEN AMEZCUA | G98: VT2 | H98: 00005113 | I98: 16/02/2026 | J98: 12 | K98: 12 | L98: =J98-K98 -> 0 | O98: 46127
A99: =DAYS360(I99,$B$1) -> 42 | C99: Producto: 2125002202010101 / BISA OLLA RECTA 20 A/T | D99: =VLOOKUP(VALUE(MID($C99,13,2)), codigos!$A$2:$B$60, 2, 1) & " " & VLOOKUP(VALUE(MID($C99,15,4)), codigos!$E$2:$F$102, 2, FALSE) -> OLLA RECTA 20 | E99: =VLOOKUP(VALUE(MID($C99,19,2)),codigos!$H$2:$I$62,2,1) & " " & VLOOKUP(VALUE(MID($C99,21,2)),codigos!$K$2:$L$12,2,FALSE) -> A/T S/I | F99: MARIA DEL CARMEN AMEZCUA | G99: VT2 | H99: 00005113 | I99: 16/02/2026 | J99: 12 | K99: =1+1+10 -> 12 | L99: =J99-K99 -> 0 | O99: 46127
A100: =DAYS360(I100,$B$1) -> 42 | C100: Producto: 2125002402010101 / BISA OLLA RECTA 22 A/T | D100: =VLOOKUP(VALUE(MID($C100,13,2)), codigos!$A$2:$B$60, 2, 1) & " " & VLOOKUP(VALUE(MID($C100,15,4)), codigos!$E$2:$F$102, 2, FALSE) -> OLLA RECTA 22 | E100: =VLOOKUP(VALUE(MID($C100,19,2)),codigos!$H$2:$I$62,2,1) & " " & VLOOKUP(VALUE(MID($C100,21,2)),codigos!$K$2:$L$12,2,FALSE) -> A/T S/I | F100: MARIA DEL CARMEN AMEZCUA | G100: VT2 | H100: 00005113 | I100: 16/02/2026 | J100: 6 | K100: 6 | L100: =J100-K100 -> 0 | O100: 46127
...

Sheet 2026
A1: FECHA VENTAS | B1: =+TODAY() -> 46109 | C1: DESCRIPCION | D1: PRODUCTO | E1: COLOR | F1: CLIENTE | G1: Serie documento | H1: DOCUMENTO | I1: FECHA CAPTURA | J1: Cantidad | K1: EXISTENTE | L1: PEDIDO FALTANTE | M1: % | N1: FECHA DE ENTREGA | O1: FECHA PRODUCCION
A2: =DAYS360($B$1,I2) -> -244 | B2: =+N2-I2 -> 165 | C2: Producto: 2132001721010101 / BISA PLATO TROQUELADO 16 GRIS | D2: =VLOOKUP(VALUE(MID($C2,13,2)), codigos!$A$2:$B$60, 2, 1) & " " & VLOOKUP(VALUE(MID($C2,15,4)), codigos!$E$2:$F$102, 2, FALSE) -> PLATO TROQUELADO 16 | E2: =VLOOKUP(VALUE(MID($C2,19,2)),codigos!$H$2:$I$62,2,1) & " " & VLOOKUP(VALUE(MID($C2,21,2)),codigos!$K$2:$L$12,2,FALSE) -> GRIS S/I | F2: QUIEN TIENE TIENDA | G2: VT1 | H2: 00003587 | I2: 24/07/2025 | J2: 42 | K2: 42 | L2: =+J2-K2 -> 0 | M2: =(SUM(K2))/(SUM(J2)) -> 1 | N2: 46027
A3: =DAYS360($B$1,I3) -> -82 | B3: =+N3-I3 -> 3 | C3: Producto: 1111001219010101 / BISA CUBETA 8 GALVANIZADO | D3: =VLOOKUP(VALUE(MID($C3,13,2)), codigos!$A$2:$B$60, 2, 1) & " " & VLOOKUP(VALUE(MID($C3,15,4)), codigos!$E$2:$F$102, 2, FALSE) -> CUBETA 8 | E3: =VLOOKUP(VALUE(MID($C3,19,2)),codigos!$H$2:$I$62,2,1) & " " & VLOOKUP(VALUE(MID($C3,21,2)),codigos!$K$2:$L$12,2,FALSE) -> GALVANIZADO S/I | F3: FERRETERO DE ALBA | G3: VT2 | H3: 5061 | I3: 46028 | J3: 16 | K3: 16 | L3: =+J3-K3 -> 0 | M3: =(SUM(K3))/(SUM(J3)) -> 1 | N3: 46031
A4: =DAYS360($B$1,I4) -> -82 | B4: =+N4-I4 -> 3 | C4: Producto: 1103000519010101 / BISA BAÑO 1 GALVANIZADO | D4: =VLOOKUP(VALUE(MID($C4,13,2)), [2]codigos!$A$2:$B$60, 2, 1) & " " & VLOOKUP(VALUE(MID($C4,15,4)), [2]codigos!$E$2:$F$102, 2, FALSE) -> BAÑO 1 | E4: =VLOOKUP(VALUE(MID($C4,19,2)),[2]codigos!$H$2:$I$62,2,1) & " " & VLOOKUP(VALUE(MID($C4,21,2)),[2]codigos!$K$2:$L$12,2,FALSE) -> GALVANIZADO S/I | F4: SURTIDORA DE PLASTICOS DE COLIMA | G4: VT2 | H4: 00005062 | I4: 06/01/2026 | J4: 5 | K4: 5 | L4: =J4-K4 -> 0 | M4: =(SUM(K4:K8))/(SUM(J4:J8)) -> 0.72222222 | N4: 46031
A5: =DAYS360($B$1,I5) -> -82 | B5: =+N5-I5 -> 3 | C5: Producto: 1103000619010101 / BISA BAÑO 2 GALVANIZADO | D5: =VLOOKUP(VALUE(MID($C5,13,2)), [2]codigos!$A$2:$B$60, 2, 1) & " " & VLOOKUP(VALUE(MID($C5,15,4)), [2]codigos!$E$2:$F$102, 2, FALSE) -> BAÑO 2 | E5: =VLOOKUP(VALUE(MID($C5,19,2)),[2]codigos!$H$2:$I$62,2,1) & " " & VLOOKUP(VALUE(MID($C5,21,2)),[2]codigos!$K$2:$L$12,2,FALSE) -> GALVANIZADO S/I | F5: SURTIDORA DE PLASTICOS DE COLIMA | G5: VT2 | H5: 00005062 | I5: 06/01/2026 | J5: 5 | K5: 5 | L5: =J5-K5 -> 0 | N5: 46031
A6: =DAYS360($B$1,I6) -> -82 | B6: =+N6-I6 -> 3 | C6: Producto: 1103000819010101 / BISA BAÑO 4 GALVANIZADO | D6: =VLOOKUP(VALUE(MID($C6,13,2)), [2]codigos!$A$2:$B$60, 2, 1) & " " & VLOOKUP(VALUE(MID($C6,15,4)), [2]codigos!$E$2:$F$102, 2, FALSE) -> BAÑO 4 | E6: =VLOOKUP(VALUE(MID($C6,19,2)),[2]codigos!$H$2:$I$62,2,1) & " " & VLOOKUP(VALUE(MID($C6,21,2)),[2]codigos!$K$2:$L$12,2,FALSE) -> GALVANIZADO S/I | F6: SURTIDORA DE PLASTICOS DE COLIMA | G6: VT2 | H6: 00005062 | I6: 06/01/2026 | J6: 5 | K6: 0 | L6: =J6-K6 -> 5 | N6: 46031
A7: =DAYS360($B$1,I7) -> -82 | B7: =+N7-I7 -> 3 | C7: Producto: 1103001219010101 / BISA BAÑO 8 GALVANIZADO | D7: =VLOOKUP(VALUE(MID($C7,13,2)), [2]codigos!$A$2:$B$60, 2, 1) & " " & VLOOKUP(VALUE(MID($C7,15,4)), [2]codigos!$E$2:$F$102, 2, FALSE) -> BAÑO 8 | E7: =VLOOKUP(VALUE(MID($C7,19,2)),[2]codigos!$H$2:$I$62,2,1) & " " & VLOOKUP(VALUE(MID($C7,21,2)),[2]codigos!$K$2:$L$12,2,FALSE) -> GALVANIZADO S/I | F7: SURTIDORA DE PLASTICOS DE COLIMA | G7: VT2 | H7: 00005062 | I7: 06/01/2026 | K7: 0 | L7: =J7-K7 -> 0 | N7: 46031
A8: =DAYS360($B$1,I8) -> -82 | B8: =+N8-I8 -> 3 | C8: Producto: 1103001319010101 / BISA BAÑO 10 GALVANIZADO | D8: =VLOOKUP(VALUE(MID($C8,13,2)), [2]codigos!$A$2:$B$60, 2, 1) & " " & VLOOKUP(VALUE(MID($C8,15,4)), [2]codigos!$E$2:$F$102, 2, FALSE) -> BAÑO 10 | E8: =VLOOKUP(VALUE(MID($C8,19,2)),[2]codigos!$H$2:$I$62,2,1) & " " & VLOOKUP(VALUE(MID($C8,21,2)),[2]codigos!$K$2:$L$12,2,FALSE) -> GALVANIZADO S/I | F8: SURTIDORA DE PLASTICOS DE COLIMA | G8: VT2 | H8: 00005062 | I8: 06/01/2026 | J8: 3 | K8: 3 | L8: =J8-K8 -> 0 | N8: 46031
A9: =DAYS360($B$1,I9) -> -82 | B9: =+N9-I9 -> 3 | C9: Producto: 1103001419010101 / BISA BAÑO 12 GALVANIZADO | D9: =VLOOKUP(VALUE(MID($C9,13,2)), [2]codigos!$A$2:$B$60, 2, 1) & " " & VLOOKUP(VALUE(MID($C9,15,4)), [2]codigos!$E$2:$F$102, 2, FALSE) -> BAÑO 12 | E9: =VLOOKUP(VALUE(MID($C9,19,2)),[2]codigos!$H$2:$I$62,2,1) & " " & VLOOKUP(VALUE(MID($C9,21,2)),[2]codigos!$K$2:$L$12,2,FALSE) -> GALVANIZADO S/I | F9: SURTIDORA DE PLASTICOS DE COLIMA | G9: VT2 | H9: 00005062 | I9: 06/01/2026 | J9: 21 | K9: =16+5 -> 21 | L9: =J9-K9 -> 0 | N9: 46031
A10: =DAYS360($B$1,I10) -> -244 | B10: =+N10-I10 -> 176 | C10: Producto: 1103000619010101 / BISA BAÑO 2 GALVANIZADO | D10: =VLOOKUP(VALUE(MID($C10,13,2)), codigos!$A$2:$B$60, 2, 1) & " " & VLOOKUP(VALUE(MID($C10,15,4)), codigos!$E$2:$F$102, 2, FALSE) -> BAÑO 2 | E10: =VLOOKUP(VALUE(MID($C10,19,2)),codigos!$H$2:$I$62,2,1) & " " & VLOOKUP(VALUE(MID($C10,21,2)),codigos!$K$2:$L$12,2,FALSE) -> GALVANIZADO S/I | F10: LL USA LLC | G10: VT2 | H10: 00004931 | I10: 24/07/2025 | J10: 10 | K10: 10 | L10: =+J10-K10 -> 0 | N10: 46038
A11: =DAYS360($B$1,I11) -> -244 | B11: =+N11-I11 -> 176 | C11: Producto: 2122000116050101 / BISA MULTIUSOS BLANCO C/F NEGRO | D11: =VLOOKUP(VALUE(MID($C11,13,2)), codigos!$A$2:$B$60, 2, 1) & " " & VLOOKUP(VALUE(MID($C11,15,4)), codigos!$E$2:$F$102, 2, FALSE) -> MULTIUSOS S/I | E11: =VLOOKUP(VALUE(MID($C11,19,2)),codigos!$H$2:$I$62,2,1) & " " & VLOOKUP(VALUE(MID($C11,21,2)),codigos!$K$2:$L$12,2,FALSE) -> BLANCO NEGRO | F11: LL USA LLC | G11: VT2 | H11: 00004931 | I11: 24/07/2025 | J11: 81 | K11: 81 | L11: =+J11-K11 -> 0 | N11: 46038
A12: =DAYS360($B$1,I12) -> -244 | B12: =+N12-I12 -> 176 | C12: Producto: 2126002216050101 / BISA PLATO AVENERO 20 BLANCO C/F NEGRO | D12: =VLOOKUP(VALUE(MID($C12,13,2)), codigos!$A$2:$B$60, 2, 1) & " " & VLOOKUP(VALUE(MID($C12,15,4)), codigos!$E$2:$F$102, 2, FALSE) -> PLATO AVENERO 20 | E12: =VLOOKUP(VALUE(MID($C12,19,2)),codigos!$H$2:$I$62,2,1) & " " & VLOOKUP(VALUE(MID($C12,21,2)),codigos!$K$2:$L$12,2,FALSE) -> BLANCO NEGRO | F12: LL USA LLC | G12: VT2 | H12: 00004931 | I12: 24/07/2025 | J12: 120 | K12: 120 | L12: =+J12-K12 -> 0 | N12: 46038
A13: =DAYS360($B$1,I13) -> -244 | B13: =+N13-I13 -> 176 | C13: Producto: 2128001726010101 / BISA PLATO BISTRO 16 NEGRO | D13: =VLOOKUP(VALUE(MID($C13,13,2)), codigos!$A$2:$B$60, 2, 1) & " " & VLOOKUP(VALUE(MID($C13,15,4)), codigos!$E$2:$F$102, 2, FALSE) -> PLATO BISTRO 16 | E13: =VLOOKUP(VALUE(MID($C13,19,2)),codigos!$H$2:$I$62,2,1) & " " & VLOOKUP(VALUE(MID($C13,21,2)),codigos!$K$2:$L$12,2,FALSE) -> NEGRO S/I | F13: LL USA LLC | G13: VT2 | H13: 00004931 | I13: 24/07/2025 | J13: 72 | K13: 72 | L13: =+J13-K13 -> 0 | N13: 46038
A14: =DAYS360($B$1,I14) -> -244 | B14: =+N14-I14 -> 176 | C14: Producto: 2129002716050101 / BISA PLATO HONDO 27 BLANCO C/F NEGRO | D14: =VLOOKUP(VALUE(MID($C14,13,2)), codigos!$A$2:$B$60, 2, 1) & " " & VLOOKUP(VALUE(MID($C14,15,4)), codigos!$E$2:$F$102, 2, FALSE) -> PLATO HONDO 27 | E14: =VLOOKUP(VALUE(MID($C14,19,2)),codigos!$H$2:$I$62,2,1) & " " & VLOOKUP(VALUE(MID($C14,21,2)),codigos!$K$2:$L$12,2,FALSE) -> BLANCO NEGRO | F14: LL USA LLC | G14: VT2 | H14: 00004931 | I14: 24/07/2025 | J14: 81 | K14: =77+4 -> 81 | L14: =+J14-K14 -> 0 | N14: 46038
A15: =DAYS360($B$1,I15) -> -244 | B15: =+N15-I15 -> 176 | C15: Producto: 2130002216050101 / BISA PLATO LISO 20 BLANCO C/F NEGRO | D15: =VLOOKUP(VALUE(MID($C15,13,2)), codigos!$A$2:$B$60, 2, 1) & " " & VLOOKUP(VALUE(MID($C15,15,4)), codigos!$E$2:$F$102, 2, FALSE) -> PLATO LISO 20 | E15: =VLOOKUP(VALUE(MID($C15,19,2)),codigos!$H$2:$I$62,2,1) & " " & VLOOKUP(VALUE(MID($C15,21,2)),codigos!$K$2:$L$12,2,FALSE) -> BLANCO NEGRO | F15: LL USA LLC | G15: VT2 | H15: 00004931 | I15: 24/07/2025 | J15: 801 | K15: =108+4+120+4+132+384+49 -> 801 | L15: =+J15-K15 -> 0 | N15: 46038
A16: =DAYS360($B$1,I16) -> -244 | B16: =+N16-I16 -> 176 | C16: Producto: 2139001216050101 / BISA TAZON 8 BLANCO C/F NEGRO | D16: =VLOOKUP(VALUE(MID($C16,13,2)), codigos!$A$2:$B$60, 2, 1) & " " & VLOOKUP(VALUE(MID($C16,15,4)), codigos!$E$2:$F$102, 2, FALSE) -> TAZON 8 | E16: =VLOOKUP(VALUE(MID($C16,19,2)),codigos!$H$2:$I$62,2,1) & " " & VLOOKUP(VALUE(MID($C16,21,2)),codigos!$K$2:$L$12,2,FALSE) -> BLANCO NEGRO | F16: LL USA LLC | G16: VT2 | H16: 00004931 | I16: 24/07/2025 | J16: 882 | K16: =468+414 -> 882 | L16: =+J16-K16 -> 0 | N16: 46038
A17: =DAYS360($B$1,I17) -> -244 | B17: =+N17-I17 -> 176 | C17: Producto: 2139002212010101 / BISA TAZON 20 BICOLOR NARANJA | D17: =VLOOKUP(VALUE(MID($C17,13,2)), codigos!$A$2:$B$60, 2, 1) & " " & VLOOKUP(VALUE(MID($C17,15,4)), codigos!$E$2:$F$102, 2, FALSE) -> TAZON 20 | E17: =VLOOKUP(VALUE(MID($C17,19,2)),codigos!$H$2:$I$62,2,1) & " " & VLOOKUP(VALUE(MID($C17,21,2)),codigos!$K$2:$L$12,2,FALSE) -> BICOLOR NARANJA S/I | F17: LL USA LLC | G17: VT2 | H17: 00004931 | I17: 24/07/2025 | J17: 150 | K17: =48+42+3+30+27 -> 150 | L17: =+J17-K17 -> 0 | N17: 46038
A18: =DAYS360($B$1,I18) -> -244 | B18: =+N18-I18 -> 176 | C18: Producto: 2140001216050101 / BISA TAZON INCLINADO 8 BLANCO C/F NEGRO | D18: =VLOOKUP(VALUE(MID($C18,13,2)), codigos!$A$2:$B$60, 2, 1) & " " & VLOOKUP(VALUE(MID($C18,15,4)), codigos!$E$2:$F$102, 2, FALSE) -> TAZON INCLINADO 8 | E18: =VLOOKUP(VALUE(MID($C18,19,2)),codigos!$H$2:$I$62,2,1) & " " & VLOOKUP(VALUE(MID($C18,21,2)),codigos!$K$2:$L$12,2,FALSE) -> BLANCO NEGRO | F18: LL USA LLC | G18: VT2 | H18: 00004931 | I18: 24/07/2025 | J18: 135 | K18: 135 | L18: =+J18-K18 -> 0 | N18: 46038
A19: =DAYS360($B$1,I19) -> -244 | B19: =+N19-I19 -> 176 | C19: Producto: 2130002216050701 / BISA PLATO LISO 20 BLANCO C/F NEGRO DECORADO | D19: =VLOOKUP(VALUE(MID($C19,13,2)), codigos!$A$2:$B$60, 2, 1) & " " & VLOOKUP(VALUE(MID($C19,15,4)), codigos!$E$2:$F$102, 2, FALSE) -> PLATO LISO 20 | E19: =VLOOKUP(VALUE(MID($C19,19,2)),codigos!$H$2:$I$62,2,1) & " " & VLOOKUP(VALUE(MID($C19,21,2)),codigos!$K$2:$L$12,2,FALSE) -> BLANCO NEGRO | F19: LL USA LLC | G19: VT2 | H19: 00004931 | I19: 24/07/2025 | J19: 126 | K19: 126 | L19: =+J19-K19 -> 0 | N19: 46038
A20: =DAYS360($B$1,I20) -> -244 | B20: =+N20-I20 -> 176 | C20: Producto: 2330003020010101 / SANSON PLATO LISO 32 GENERICO | D20: =VLOOKUP(VALUE(MID($C20,13,2)), codigos!$A$2:$B$60, 2, 1) & " " & VLOOKUP(VALUE(MID($C20,15,4)), codigos!$E$2:$F$102, 2, FALSE) -> PLATO LISO 32 | E20: =VLOOKUP(VALUE(MID($C20,19,2)),codigos!$H$2:$I$62,2,1) & " " & VLOOKUP(VALUE(MID($C20,21,2)),codigos!$K$2:$L$12,2,FALSE) -> GENERICO S/I | F20: LL USA LLC | G20: VT2 | H20: 00004931 | I20: 24/07/2025 | J20: 75 | K20: 75 | L20: =+J20-K20 -> 0 | N20: 46038
A21: =DAYS360($B$1,I21) -> -244 | B21: =+N21-I21 -> 176 | C21: Producto: 2133000926010701 / BISA POCILLO 5 NEGRO DECORADO | D21: =VLOOKUP(VALUE(MID($C21,13,2)), codigos!$A$2:$B$60, 2, 1) & " " & VLOOKUP(VALUE(MID($C21,15,4)), codigos!$E$2:$F$102, 2, FALSE) -> POCILLO 5 | E21: =VLOOKUP(VALUE(MID($C21,19,2)),codigos!$H$2:$I$62,2,1) & " " & VLOOKUP(VALUE(MID($C21,21,2)),codigos!$K$2:$L$12,2,FALSE) -> NEGRO S/I | F21: LL USA LLC | G21: VT2 | H21: 00004931 | I21: 24/07/2025 | J21: 72 | K21: 72 | L21: =+J21-K21 -> 0 | N21: 46038
A22: =DAYS360($B$1,I22) -> -244 | B22: =+N22-I22 -> 176 | C22: Producto: 2140002412050101 / BISA TAZON INCLINADO 22 BICOLOR NARANJA | D22: =VLOOKUP(VALUE(MID($C22,13,2)), codigos!$A$2:$B$60, 2, 1) & " " & VLOOKUP(VALUE(MID($C22,15,4)), codigos!$E$2:$F$102, 2, FALSE) -> TAZON INCLINADO 22 | E22: =VLOOKUP(VALUE(MID($C22,19,2)),codigos!$H$2:$I$62,2,1) & " " & VLOOKUP(VALUE(MID($C22,21,2)),codigos!$K$2:$L$12,2,FALSE) -> BICOLOR NARANJA NEGRO | F22: LL USA LLC | G22: VT2 | H22: 00004931 | I22: 24/07/2025 | J22: 126 | K22: =60+2+24+40 -> 126 | L22: =+J22-K22 -> 0 | N22: 46038
A23: =DAYS360($B$1,I23) -> -244 | B23: =+N23-I23 -> 176 | C23: Producto: 2133000912050101 / BISA POCILLO 5 BICOLOR NARANJA | D23: =VLOOKUP(VALUE(MID($C23,13,2)), codigos!$A$2:$B$60, 2, 1) & " " & VLOOKUP(VALUE(MID($C23,15,4)), codigos!$E$2:$F$102, 2, FALSE) -> POCILLO 5 | E23: =VLOOKUP(VALUE(MID($C23,19,2)),codigos!$H$2:$I$62,2,1) & " " & VLOOKUP(VALUE(MID($C23,21,2)),codigos!$K$2:$L$12,2,FALSE) -> BICOLOR NARANJA NEGRO | F23: LL USA LLC | G23: VT2 | H23: 00004931 | I23: 24/07/2025 | J23: 750 | K23: =456+96+198 -> 750 | L23: =+J23-K23 -> 0 | N23: 46038
A24: =DAYS360($B$1,I24) -> -244 | B24: =+N24-I24 -> 176 | C24: Producto: 2138000126010701 / BISA TAZA BISTRO NEGRO DECORADO | D24: =VLOOKUP(VALUE(MID($C24,13,2)), codigos!$A$2:$B$60, 2, 1) & " " & VLOOKUP(VALUE(MID($C24,15,4)), codigos!$E$2:$F$102, 2, FALSE) -> TAZA BISTRO S/I | E24: =VLOOKUP(VALUE(MID($C24,19,2)),codigos!$H$2:$I$62,2,1) & " " & VLOOKUP(VALUE(MID($C24,21,2)),codigos!$K$2:$L$12,2,FALSE) -> NEGRO S/I | F24: LL USA LLC | G24: VT2 | H24: 00004931 | I24: 24/07/2025 | J24: 63 | K24: 63 | L24: =+J24-K24 -> 0 | N24: 46038
A25: =DAYS360($B$1,I25) -> -244 | B25: =+N25-I25 -> 176 | C25: Producto: 2145001227010701 / BISA VASO 8 NEGRO MOTAS DECPRADO | D25: =VLOOKUP(VALUE(MID($C25,13,2)), codigos!$A$2:$B$60, 2, 1) & " " & VLOOKUP(VALUE(MID($C25,15,4)), codigos!$E$2:$F$102, 2, FALSE) -> VASO 8 | E25: =VLOOKUP(VALUE(MID($C25,19,2)),codigos!$H$2:$I$62,2,1) & " " & VLOOKUP(VALUE(MID($C25,21,2)),codigos!$K$2:$L$12,2,FALSE) -> NEGRO MOTAS S/I | F25: LL USA LLC | G25: VT2 | H25: 00004931 | I25: 24/07/2025 | J25: 72 | K25: 72 | L25: =+J25-K25 -> 0 | N25: 46038
A26: =DAYS360($B$1,I26) -> -244 | B26: =+N26-I26 -> 176 | C26: Producto: 2130001727010701 / BISA PLATO LISO 16 NEGRO MOTAS DECORADO | D26: =VLOOKUP(VALUE(MID($C26,13,2)), codigos!$A$2:$B$60, 2, 1) & " " & VLOOKUP(VALUE(MID($C26,15,4)), codigos!$E$2:$F$102, 2, FALSE) -> PLATO LISO 16 | E26: =VLOOKUP(VALUE(MID($C26,19,2)),codigos!$H$2:$I$62,2,1) & " " & VLOOKUP(VALUE(MID($C26,21,2)),codigos!$K$2:$L$12,2,FALSE) -> NEGRO MOTAS S/I | F26: LL USA LLC | G26: VT2 | H26: 00004931 | I26: 24/07/2025 | J26: 63 | K26: 63 | L26: =+J26-K26 -> 0 | M26: =(SUM(K10:K26))/(SUM(J10:J26)) -> 1 | N26: 46038
A27: =DAYS360($B$1,I27) -> -244 | B27: =+N27-I27 -> 176 | C27: Producto: 1103000619010101 / BISA BAÑO 2 GALVANIZADO | D27: =VLOOKUP(VALUE(MID($C27,13,2)), codigos!$A$2:$B$60, 2, 1) & " " & VLOOKUP(VALUE(MID($C27,15,4)), codigos!$E$2:$F$102, 2, FALSE) -> BAÑO 2 | E27: =VLOOKUP(VALUE(MID($C27,19,2)),codigos!$H$2:$I$62,2,1) & " " & VLOOKUP(VALUE(MID($C27,21,2)),codigos!$K$2:$L$12,2,FALSE) -> GALVANIZADO S/I | F27: LL SL | G27: VT2 | H27: 00004928 | I27: 24/07/2025 | J27: 10 | K27: 10 | L27: =+J27-K27 -> 0 | N27: 46038
A28: =DAYS360($B$1,I28) -> -244 | B28: =+N28-I28 -> 176 | C28: Producto: 2122000116050101 / BISA MULTIUSOS BLANCO C/F NEGRO | D28: =VLOOKUP(VALUE(MID($C28,13,2)), codigos!$A$2:$B$60, 2, 1) & " " & VLOOKUP(VALUE(MID($C28,15,4)), codigos!$E$2:$F$102, 2, FALSE) -> MULTIUSOS S/I | E28: =VLOOKUP(VALUE(MID($C28,19,2)),codigos!$H$2:$I$62,2,1) & " " & VLOOKUP(VALUE(MID($C28,21,2)),codigos!$K$2:$L$12,2,FALSE) -> BLANCO NEGRO | F28: LL SL | G28: VT2 | H28: 00004928 | I28: 24/07/2025 | J28: 81 | K28: 81 | L28: =+J28-K28 -> 0 | N28: 46038
A29: =DAYS360($B$1,I29) -> -244 | B29: =+N29-I29 -> 176 | C29: Producto: 2126002216050101 / BISA PLATO AVENERO 20 BLANCO C/F NEGRO | D29: =VLOOKUP(VALUE(MID($C29,13,2)), codigos!$A$2:$B$60, 2, 1) & " " & VLOOKUP(VALUE(MID($C29,15,4)), codigos!$E$2:$F$102, 2, FALSE) -> PLATO AVENERO 20 | E29: =VLOOKUP(VALUE(MID($C29,19,2)),codigos!$H$2:$I$62,2,1) & " " & VLOOKUP(VALUE(MID($C29,21,2)),codigos!$K$2:$L$12,2,FALSE) -> BLANCO NEGRO | F29: LL SL | G29: VT2 | H29: 00004928 | I29: 24/07/2025 | J29: 120 | K29: 120 | L29: =+J29-K29 -> 0 | N29: 46038
A30: =DAYS360($B$1,I30) -> -244 | B30: =+N30-I30 -> 176 | C30: Producto: 2128001726010101 / BISA PLATO BISTRO 16 NEGRO | D30: =VLOOKUP(VALUE(MID($C30,13,2)), codigos!$A$2:$B$60, 2, 1) & " " & VLOOKUP(VALUE(MID($C30,15,4)), codigos!$E$2:$F$102, 2, FALSE) -> PLATO BISTRO 16 | E30: =VLOOKUP(VALUE(MID($C30,19,2)),codigos!$H$2:$I$62,2,1) & " " & VLOOKUP(VALUE(MID($C30,21,2)),codigos!$K$2:$L$12,2,FALSE) -> NEGRO S/I | F30: LL SL | G30: VT2 | H30: 00004928 | I30: 24/07/2025 | J30: 72 | K30: 72 | L30: =+J30-K30 -> 0 | N30: 46038
A31: =DAYS360($B$1,I31) -> -244 | B31: =+N31-I31 -> 176 | C31: Producto: 2129002716050101 / BISA PLATO HONDO 27 BLANCO C/F NEGRO | D31: =VLOOKUP(VALUE(MID($C31,13,2)), codigos!$A$2:$B$60, 2, 1) & " " & VLOOKUP(VALUE(MID($C31,15,4)), codigos!$E$2:$F$102, 2, FALSE) -> PLATO HONDO 27 | E31: =VLOOKUP(VALUE(MID($C31,19,2)),codigos!$H$2:$I$62,2,1) & " " & VLOOKUP(VALUE(MID($C31,21,2)),codigos!$K$2:$L$12,2,FALSE) -> BLANCO NEGRO | F31: LL SL | G31: VT2 | H31: 00004928 | I31: 24/07/2025 | J31: 81 | K31: =14+67 -> 81 | L31: =+J31-K31 -> 0 | N31: 46038
A32: =DAYS360($B$1,I32) -> -244 | B32: =+N32-I32 -> 176 | C32: Producto: 2130002216050701 / BISA PLATO LISO 20 BLANCO C/F NEGRO DECORADO | D32: =VLOOKUP(VALUE(MID($C32,13,2)), codigos!$A$2:$B$60, 2, 1) & " " & VLOOKUP(VALUE(MID($C32,15,4)), codigos!$E$2:$F$102, 2, FALSE) -> PLATO LISO 20 | E32: =VLOOKUP(VALUE(MID($C32,19,2)),codigos!$H$2:$I$62,2,1) & " " & VLOOKUP(VALUE(MID($C32,21,2)),codigos!$K$2:$L$12,2,FALSE) -> BLANCO NEGRO | F32: LL SL | G32: VT2 | H32: 00004928 | I32: 24/07/2025 | J32: 126 | K32: 126 | L32: =+J32-K32 -> 0 | N32: 46038
A33: =DAYS360($B$1,I33) -> -244 | B33: =+N33-I33 -> 176 | C33: Producto: 2130002216050101 / BISA PLATO LISO 20 BLANCO C/F NEGRO | D33: =VLOOKUP(VALUE(MID($C33,13,2)), codigos!$A$2:$B$60, 2, 1) & " " & VLOOKUP(VALUE(MID($C33,15,4)), codigos!$E$2:$F$102, 2, FALSE) -> PLATO LISO 20 | E33: =VLOOKUP(VALUE(MID($C33,19,2)),codigos!$H$2:$I$62,2,1) & " " & VLOOKUP(VALUE(MID($C33,21,2)),codigos!$K$2:$L$12,2,FALSE) -> BLANCO NEGRO | F33: LL SL | G33: VT2 | H33: 00004928 | I33: 24/07/2025 | J33: 801 | K33: =599+126+36-24+12+18+34 -> 801 | L33: =+J33-K33 -> 0 | N33: 46038
A34: =DAYS360($B$1,I34) -> -244 | B34: =+N34-I34 -> 176 | C34: Producto: 2139001216050101 / BISA TAZON 8 BLANCO C/F NEGRO | D34: =VLOOKUP(VALUE(MID($C34,13,2)), codigos!$A$2:$B$60, 2, 1) & " " & VLOOKUP(VALUE(MID($C34,15,4)), codigos!$E$2:$F$102, 2, FALSE) -> TAZON 8 | E34: =VLOOKUP(VALUE(MID($C34,19,2)),codigos!$H$2:$I$62,2,1) & " " & VLOOKUP(VALUE(MID($C34,21,2)),codigos!$K$2:$L$12,2,FALSE) -> BLANCO NEGRO | F34: LL SL | G34: VT2 | H34: 00004928 | I34: 24/07/2025 | J34: 882 | K34: 882 | L34: =+J34-K34 -> 0 | N34: 46038
A35: =DAYS360($B$1,I35) -> -244 | B35: =+N35-I35 -> 176 | C35: Producto: 2139002212010101 / BISA TAZON 20 BICOLOR NARANJA | D35: =VLOOKUP(VALUE(MID($C35,13,2)), codigos!$A$2:$B$60, 2, 1) & " " & VLOOKUP(VALUE(MID($C35,15,4)), codigos!$E$2:$F$102, 2, FALSE) -> TAZON 20 | E35: =VLOOKUP(VALUE(MID($C35,19,2)),codigos!$H$2:$I$62,2,1) & " " & VLOOKUP(VALUE(MID($C35,21,2)),codigos!$K$2:$L$12,2,FALSE) -> BICOLOR NARANJA S/I | F35: LL SL | G35: VT2 | H35: 00004928 | I35: 24/07/2025 | J35: 150 | K35: =120+30 -> 150 | L35: =+J35-K35 -> 0 | N35: 46038
A36: =DAYS360($B$1,I36) -> -244 | B36: =+N36-I36 -> 176 | C36: Producto: 2140001216050101 / BISA TAZON INCLINADO 8 BLANCO C/F NEGRO | D36: =VLOOKUP(VALUE(MID($C36,13,2)), codigos!$A$2:$B$60, 2, 1) & " " & VLOOKUP(VALUE(MID($C36,15,4)), codigos!$E$2:$F$102, 2, FALSE) -> TAZON INCLINADO 8 | E36: =VLOOKUP(VALUE(MID($C36,19,2)),codigos!$H$2:$I$62,2,1) & " " & VLOOKUP(VALUE(MID($C36,21,2)),codigos!$K$2:$L$12,2,FALSE) -> BLANCO NEGRO | F36: LL SL | G36: VT2 | H36: 00004928 | I36: 24/07/2025 | J36: 135 | K36: =45+26+64 -> 135 | L36: =+J36-K36 -> 0 | N36: 46038
A37: =DAYS360($B$1,I37) -> -244 | B37: =+N37-I37 -> 176 | C37: Producto: 2330003020010101 / SANSON PLATO LISO 32 GENERICO | D37: =VLOOKUP(VALUE(MID($C37,13,2)), codigos!$A$2:$B$60, 2, 1) & " " & VLOOKUP(VALUE(MID($C37,15,4)), codigos!$E$2:$F$102, 2, FALSE) -> PLATO LISO 32 | E37: =VLOOKUP(VALUE(MID($C37,19,2)),codigos!$H$2:$I$62,2,1) & " " & VLOOKUP(VALUE(MID($C37,21,2)),codigos!$K$2:$L$12,2,FALSE) -> GENERICO S/I | F37: LL SL | G37: VT2 | H37: 00004928 | I37: 24/07/2025 | J37: 75 | K37: 75 | L37: =+J37-K37 -> 0 | N37: 46038
A38: =DAYS360($B$1,I38) -> -244 | B38: =+N38-I38 -> 176 | C38: Producto: 2133000926010701 / BISA POCILLO 5 NEGRO DECORADO | D38: =VLOOKUP(VALUE(MID($C38,13,2)), codigos!$A$2:$B$60, 2, 1) & " " & VLOOKUP(VALUE(MID($C38,15,4)), codigos!$E$2:$F$102, 2, FALSE) -> POCILLO 5 | E38: =VLOOKUP(VALUE(MID($C38,19,2)),codigos!$H$2:$I$62,2,1) & " " & VLOOKUP(VALUE(MID($C38,21,2)),codigos!$K$2:$L$12,2,FALSE) -> NEGRO S/I | F38: LL SL | G38: VT2 | H38: 00004928 | I38: 24/07/2025 | J38: 72 | K38: 72 | L38: =+J38-K38 -> 0 | N38: 46038
A39: =DAYS360($B$1,I39) -> -244 | B39: =+N39-I39 -> 176 | C39: Producto: 2140002412050101 / BISA TAZON INCLINADO 22 BICOLOR NARANJA | D39: =VLOOKUP(VALUE(MID($C39,13,2)), codigos!$A$2:$B$60, 2, 1) & " " & VLOOKUP(VALUE(MID($C39,15,4)), codigos!$E$2:$F$102, 2, FALSE) -> TAZON INCLINADO 22 | E39: =VLOOKUP(VALUE(MID($C39,19,2)),codigos!$H$2:$I$62,2,1) & " " & VLOOKUP(VALUE(MID($C39,21,2)),codigos!$K$2:$L$12,2,FALSE) -> BICOLOR NARANJA NEGRO | F39: LL SL | G39: VT2 | H39: 00004928 | I39: 24/07/2025 | J39: 126 | K39: 126 | L39: =+J39-K39 -> 0 | N39: 46038
A40: =DAYS360($B$1,I40) -> -244 | B40: =+N40-I40 -> 176 | C40: Producto: 2133000912050101 / BISA POCILLO 5 BICOLOR NARANJA | D40: =VLOOKUP(VALUE(MID($C40,13,2)), codigos!$A$2:$B$60, 2, 1) & " " & VLOOKUP(VALUE(MID($C40,15,4)), codigos!$E$2:$F$102, 2, FALSE) -> POCILLO 5 | E40: =VLOOKUP(VALUE(MID($C40,19,2)),codigos!$H$2:$I$62,2,1) & " " & VLOOKUP(VALUE(MID($C40,21,2)),codigos!$K$2:$L$12,2,FALSE) -> BICOLOR NARANJA NEGRO | F40: LL SL | G40: VT2 | H40: 00004928 | I40: 24/07/2025 | J40: 750 | K40: =258+384+108 -> 750 | L40: =+J40-K40 -> 0 | N40: 46038
A41: =DAYS360($B$1,I41) -> -244 | B41: =+N41-I41 -> 176 | C41: Producto: 2138000126010701 / BISA TAZA BISTRO NEGRO DECORADO | D41: =VLOOKUP(VALUE(MID($C41,13,2)), codigos!$A$2:$B$60, 2, 1) & " " & VLOOKUP(VALUE(MID($C41,15,4)), codigos!$E$2:$F$102, 2, FALSE) -> TAZA BISTRO S/I | E41: =VLOOKUP(VALUE(MID($C41,19,2)),codigos!$H$2:$I$62,2,1) & " " & VLOOKUP(VALUE(MID($C41,21,2)),codigos!$K$2:$L$12,2,FALSE) -> NEGRO S/I | F41: LL SL | G41: VT2 | H41: 00004928 | I41: 24/07/2025 | J41: 63 | K41: 63 | L41: =+J41-K41 -> 0 | N41: 46038
A42: =DAYS360($B$1,I42) -> -244 | B42: =+N42-I42 -> 176 | C42: Producto: 2145001227010701 / BISA VASO 8 NEGRO MOTAS DECPRADO | D42: =VLOOKUP(VALUE(MID($C42,13,2)), codigos!$A$2:$B$60, 2, 1) & " " & VLOOKUP(VALUE(MID($C42,15,4)), codigos!$E$2:$F$102, 2, FALSE) -> VASO 8 | E42: =VLOOKUP(VALUE(MID($C42,19,2)),codigos!$H$2:$I$62,2,1) & " " & VLOOKUP(VALUE(MID($C42,21,2)),codigos!$K$2:$L$12,2,FALSE) -> NEGRO MOTAS S/I | F42: LL SL | G42: VT2 | H42: 00004928 | I42: 24/07/2025 | J42: 72 | K42: 72 | L42: =+J42-K42 -> 0 | N42: 46038
A43: =DAYS360($B$1,I43) -> -244 | B43: =+N43-I43 -> 176 | C43: Producto: 2130001727010701 / BISA PLATO LISO 16 NEGRO MOTAS DECORADO | D43: =VLOOKUP(VALUE(MID($C43,13,2)), codigos!$A$2:$B$60, 2, 1) & " " & VLOOKUP(VALUE(MID($C43,15,4)), codigos!$E$2:$F$102, 2, FALSE) -> PLATO LISO 16 | E43: =VLOOKUP(VALUE(MID($C43,19,2)),codigos!$H$2:$I$62,2,1) & " " & VLOOKUP(VALUE(MID($C43,21,2)),codigos!$K$2:$L$12,2,FALSE) -> NEGRO MOTAS S/I | F43: LL SL | G43: VT2 | H43: 00004928 | I43: 24/07/2025 | J43: 63 | K43: 63 | L43: =+J43-K43 -> 0 | M43: =(SUM(K27:K43))/(SUM(J27:J43)) -> 1 | N43: 46038
A44: =DAYS360($B$1,I44) -> -244 | B44: =+N44-I44 -> 176 | C44: Producto: 2122000116050101 / BISA MULTIUSOS BLANCO C/F NEGRO | D44: =VLOOKUP(VALUE(MID($C44,13,2)), codigos!$A$2:$B$60, 2, 1) & " " & VLOOKUP(VALUE(MID($C44,15,4)), codigos!$E$2:$F$102, 2, FALSE) -> MULTIUSOS S/I | E44: =VLOOKUP(VALUE(MID($C44,19,2)),codigos!$H$2:$I$62,2,1) & " " & VLOOKUP(VALUE(MID($C44,21,2)),codigos!$K$2:$L$12,2,FALSE) -> BLANCO NEGRO | F44: LL SJC | G44: VT2 | H44: 00004929 | I44: 24/07/2025 | J44: 81 | K44: 81 | L44: =+J44-K44 -> 0 | N44: 46038
A45: =DAYS360($B$1,I45) -> -244 | B45: =+N45-I45 -> 176 | C45: Producto: 2126002216050101 / BISA PLATO AVENERO 20 BLANCO C/F NEGRO | D45: =VLOOKUP(VALUE(MID($C45,13,2)), codigos!$A$2:$B$60, 2, 1) & " " & VLOOKUP(VALUE(MID($C45,15,4)), codigos!$E$2:$F$102, 2, FALSE) -> PLATO AVENERO 20 | E45: =VLOOKUP(VALUE(MID($C45,19,2)),codigos!$H$2:$I$62,2,1) & " " & VLOOKUP(VALUE(MID($C45,21,2)),codigos!$K$2:$L$12,2,FALSE) -> BLANCO NEGRO | F45: LL SJC | G45: VT2 | H45: 00004929 | I45: 24/07/2025 | J45: 120 | K45: 120 | L45: =+J45-K45 -> 0 | N45: 46038
A46: =DAYS360($B$1,I46) -> -244 | B46: =+N46-I46 -> 176 | C46: Producto: 2128001726010101 / BISA PLATO BISTRO 16 NEGRO | D46: =VLOOKUP(VALUE(MID($C46,13,2)), codigos!$A$2:$B$60, 2, 1) & " " & VLOOKUP(VALUE(MID($C46,15,4)), codigos!$E$2:$F$102, 2, FALSE) -> PLATO BISTRO 16 | E46: =VLOOKUP(VALUE(MID($C46,19,2)),codigos!$H$2:$I$62,2,1) & " " & VLOOKUP(VALUE(MID($C46,21,2)),codigos!$K$2:$L$12,2,FALSE) -> NEGRO S/I | F46: LL SJC | G46: VT2 | H46: 00004929 | I46: 24/07/2025 | J46: 72 | K46: 72 | L46: =+J46-K46 -> 0 | N46: 46038
A47: =DAYS360($B$1,I47) -> -244 | B47: =+N47-I47 -> 176 | C47: Producto: 2129002716050101 / BISA PLATO HONDO 27 BLANCO C/F NEGRO | D47: =VLOOKUP(VALUE(MID($C47,13,2)), codigos!$A$2:$B$60, 2, 1) & " " & VLOOKUP(VALUE(MID($C47,15,4)), codigos!$E$2:$F$102, 2, FALSE) -> PLATO HONDO 27 | E47: =VLOOKUP(VALUE(MID($C47,19,2)),codigos!$H$2:$I$62,2,1) & " " & VLOOKUP(VALUE(MID($C47,21,2)),codigos!$K$2:$L$12,2,FALSE) -> BLANCO NEGRO | F47: LL SJC | G47: VT2 | H47: 00004929 | I47: 24/07/2025 | J47: 81 | K47: =60+21 -> 81 | L47: =+J47-K47 -> 0 | N47: 46038
A48: =DAYS360($B$1,I48) -> -244 | B48: =+N48-I48 -> 176 | C48: Producto: 2130002216050701 / BISA PLATO LISO 20 BLANCO C/F NEGRO DECORADO | D48: =VLOOKUP(VALUE(MID($C48,13,2)), codigos!$A$2:$B$60, 2, 1) & " " & VLOOKUP(VALUE(MID($C48,15,4)), codigos!$E$2:$F$102, 2, FALSE) -> PLATO LISO 20 | E48: =VLOOKUP(VALUE(MID($C48,19,2)),codigos!$H$2:$I$62,2,1) & " " & VLOOKUP(VALUE(MID($C48,21,2)),codigos!$K$2:$L$12,2,FALSE) -> BLANCO NEGRO | F48: LL SJC | G48: VT2 | H48: 00004929 | I48: 24/07/2025 | J48: 126 | K48: 126 | L48: =+J48-K48 -> 0 | N48: 46038
A49: =DAYS360($B$1,I49) -> -244 | B49: =+N49-I49 -> 176 | C49: Producto: 2130002216050101 / BISA PLATO LISO 20 BLANCO C/F NEGRO | D49: =VLOOKUP(VALUE(MID($C49,13,2)), codigos!$A$2:$B$60, 2, 1) & " " & VLOOKUP(VALUE(MID($C49,15,4)), codigos!$E$2:$F$102, 2, FALSE) -> PLATO LISO 20 | E49: =VLOOKUP(VALUE(MID($C49,19,2)),codigos!$H$2:$I$62,2,1) & " " & VLOOKUP(VALUE(MID($C49,21,2)),codigos!$K$2:$L$12,2,FALSE) -> BLANCO NEGRO | F49: LL SJC | G49: VT2 | H49: 00004929 | I49: 24/07/2025 | J49: 801 | K49: =104+156+216+228+97 -> 801 | L49: =+J49-K49 -> 0 | N49: 46038
A50: =DAYS360($B$1,I50) -> -244 | B50: =+N50-I50 -> 176 | C50: Producto: 2139001216050101 / BISA TAZON 8 BLANCO C/F NEGRO | D50: =VLOOKUP(VALUE(MID($C50,13,2)), codigos!$A$2:$B$60, 2, 1) & " " & VLOOKUP(VALUE(MID($C50,15,4)), codigos!$E$2:$F$102, 2, FALSE) -> TAZON 8 | E50: =VLOOKUP(VALUE(MID($C50,19,2)),codigos!$H$2:$I$62,2,1) & " " & VLOOKUP(VALUE(MID($C50,21,2)),codigos!$K$2:$L$12,2,FALSE) -> BLANCO NEGRO | F50: LL SJC | G50: VT2 | H50: 00004929 | I50: 24/07/2025 | J50: 882 | K50: =2+16+180+288+180+144+72 -> 882 | L50: =+J50-K50 -> 0 | N50: 46038
A51: =DAYS360($B$1,I51) -> -244 | B51: =+N51-I51 -> 176 | C51: Producto: 2139002212010101 / BISA TAZON 20 BICOLOR NARANJA | D51: =VLOOKUP(VALUE(MID($C51,13,2)), codigos!$A$2:$B$60, 2, 1) & " " & VLOOKUP(VALUE(MID($C51,15,4)), codigos!$E$2:$F$102, 2, FALSE) -> TAZON 20 | E51: =VLOOKUP(VALUE(MID($C51,19,2)),codigos!$H$2:$I$62,2,1) & " " & VLOOKUP(VALUE(MID($C51,21,2)),codigos!$K$2:$L$12,2,FALSE) -> BICOLOR NARANJA S/I | F51: LL SJC | G51: VT2 | H51: 00004929 | I51: 24/07/2025 | J51: 150 | K51: =81+18+2+49 -> 150 | L51: =+J51-K51 -> 0 | N51: 46038
A52: =DAYS360($B$1,I52) -> -244 | B52: =+N52-I52 -> 176 | C52: Producto: 2140001216050101 / BISA TAZON INCLINADO 8 BLANCO C/F NEGRO | D52: =VLOOKUP(VALUE(MID($C52,13,2)), codigos!$A$2:$B$60, 2, 1) & " " & VLOOKUP(VALUE(MID($C52,15,4)), codigos!$E$2:$F$102, 2, FALSE) -> TAZON INCLINADO 8 | E52: =VLOOKUP(VALUE(MID($C52,19,2)),codigos!$H$2:$I$62,2,1) & " " & VLOOKUP(VALUE(MID($C52,21,2)),codigos!$K$2:$L$12,2,FALSE) -> BLANCO NEGRO | F52: LL SJC | G52: VT2 | H52: 00004929 | I52: 24/07/2025 | J52: 135 | K52: =44+91 -> 135 | L52: =+J52-K52 -> 0 | N52: 46038
A53: =DAYS360($B$1,I53) -> -244 | B53: =+N53-I53 -> 176 | C53: Producto: 2330003020010101 / SANSON PLATO LISO 32 GENERICO | D53: =VLOOKUP(VALUE(MID($C53,13,2)), codigos!$A$2:$B$60, 2, 1) & " " & VLOOKUP(VALUE(MID($C53,15,4)), codigos!$E$2:$F$102, 2, FALSE) -> PLATO LISO 32 | E53: =VLOOKUP(VALUE(MID($C53,19,2)),codigos!$H$2:$I$62,2,1) & " " & VLOOKUP(VALUE(MID($C53,21,2)),codigos!$K$2:$L$12,2,FALSE) -> GENERICO S/I | F53: LL SJC | G53: VT2 | H53: 00004929 | I53: 24/07/2025 | J53: 75 | K53: 75 | L53: =+J53-K53 -> 0 | N53: 46038
A54: =DAYS360($B$1,I54) -> -244 | B54: =+N54-I54 -> 176 | C54: Producto: 2133000926010701 / BISA POCILLO 5 NEGRO DECORADO | D54: =VLOOKUP(VALUE(MID($C54,13,2)), codigos!$A$2:$B$60, 2, 1) & " " & VLOOKUP(VALUE(MID($C54,15,4)), codigos!$E$2:$F$102, 2, FALSE) -> POCILLO 5 | E54: =VLOOKUP(VALUE(MID($C54,19,2)),codigos!$H$2:$I$62,2,1) & " " & VLOOKUP(VALUE(MID($C54,21,2)),codigos!$K$2:$L$12,2,FALSE) -> NEGRO S/I | F54: LL SJC | G54: VT2 | H54: 00004929 | I54: 24/07/2025 | J54: 72 | K54: 72 | L54: =+J54-K54 -> 0 | N54: 46038
A55: =DAYS360($B$1,I55) -> -244 | B55: =+N55-I55 -> 176 | C55: Producto: 2140002412050101 / BISA TAZON INCLINADO 22 BICOLOR NARANJA | D55: =VLOOKUP(VALUE(MID($C55,13,2)), codigos!$A$2:$B$60, 2, 1) & " " & VLOOKUP(VALUE(MID($C55,15,4)), codigos!$E$2:$F$102, 2, FALSE) -> TAZON INCLINADO 22 | E55: =VLOOKUP(VALUE(MID($C55,19,2)),codigos!$H$2:$I$62,2,1) & " " & VLOOKUP(VALUE(MID($C55,21,2)),codigos!$K$2:$L$12,2,FALSE) -> BICOLOR NARANJA NEGRO | F55: LL SJC | G55: VT2 | H55: 00004929 | I55: 24/07/2025 | J55: 126 | K55: =62+36+6+22 -> 126 | L55: =+J55-K55 -> 0 | N55: 46038
A56: =DAYS360($B$1,I56) -> -244 | B56: =+N56-I56 -> 176 | C56: Producto: 2133000912050101 / BISA POCILLO 5 BICOLOR NARANJA | D56: =VLOOKUP(VALUE(MID($C56,13,2)), codigos!$A$2:$B$60, 2, 1) & " " & VLOOKUP(VALUE(MID($C56,15,4)), codigos!$E$2:$F$102, 2, FALSE) -> POCILLO 5 | E56: =VLOOKUP(VALUE(MID($C56,19,2)),codigos!$H$2:$I$62,2,1) & " " & VLOOKUP(VALUE(MID($C56,21,2)),codigos!$K$2:$L$12,2,FALSE) -> BICOLOR NARANJA NEGRO | F56: LL SJC | G56: VT2 | H56: 00004929 | I56: 24/07/2025 | J56: 750 | K56: =204+408+138 -> 750 | L56: =+J56-K56 -> 0 | N56: 46038
A57: =DAYS360($B$1,I57) -> -244 | B57: =+N57-I57 -> 176 | C57: Producto: 2138000126010701 / BISA TAZA BISTRO NEGRO DECORADO | D57: =VLOOKUP(VALUE(MID($C57,13,2)), codigos!$A$2:$B$60, 2, 1) & " " & VLOOKUP(VALUE(MID($C57,15,4)), codigos!$E$2:$F$102, 2, FALSE) -> TAZA BISTRO S/I | E57: =VLOOKUP(VALUE(MID($C57,19,2)),codigos!$H$2:$I$62,2,1) & " " & VLOOKUP(VALUE(MID($C57,21,2)),codigos!$K$2:$L$12,2,FALSE) -> NEGRO S/I | F57: LL SJC | G57: VT2 | H57: 00004929 | I57: 24/07/2025 | J57: 63 | K57: 63 | L57: =+J57-K57 -> 0 | N57: 46038
A58: =DAYS360($B$1,I58) -> -244 | B58: =+N58-I58 -> 176 | C58: Producto: 2145001227010701 / BISA VASO 8 NEGRO MOTAS DECPRADO | D58: =VLOOKUP(VALUE(MID($C58,13,2)), codigos!$A$2:$B$60, 2, 1) & " " & VLOOKUP(VALUE(MID($C58,15,4)), codigos!$E$2:$F$102, 2, FALSE) -> VASO 8 | E58: =VLOOKUP(VALUE(MID($C58,19,2)),codigos!$H$2:$I$62,2,1) & " " & VLOOKUP(VALUE(MID($C58,21,2)),codigos!$K$2:$L$12,2,FALSE) -> NEGRO MOTAS S/I | F58: LL SJC | G58: VT2 | H58: 00004929 | I58: 24/07/2025 | J58: 72 | K58: 72 | L58: =+J58-K58 -> 0 | N58: 46038
A59: =DAYS360($B$1,I59) -> -244 | B59: =+N59-I59 -> 176 | C59: Producto: 2130001727010701 / BISA PLATO LISO 16 NEGRO MOTAS DECORADO | D59: =VLOOKUP(VALUE(MID($C59,13,2)), codigos!$A$2:$B$60, 2, 1) & " " & VLOOKUP(VALUE(MID($C59,15,4)), codigos!$E$2:$F$102, 2, FALSE) -> PLATO LISO 16 | E59: =VLOOKUP(VALUE(MID($C59,19,2)),codigos!$H$2:$I$62,2,1) & " " & VLOOKUP(VALUE(MID($C59,21,2)),codigos!$K$2:$L$12,2,FALSE) -> NEGRO MOTAS S/I | F59: LL SJC | G59: VT2 | H59: 00004929 | I59: 24/07/2025 | J59: 63 | K59: 63 | L59: =+J59-K59 -> 0 | M59: =(SUM(K44:K59))/(SUM(J44:J59)) -> 1 | N59: 46038
A60: =DAYS360($B$1,I60) -> -244 | B60: =+N60-I60 -> 176 | C60: Producto: 2122000116050101 / BISA MULTIUSOS BLANCO C/F NEGRO | D60: =VLOOKUP(VALUE(MID($C60,13,2)), codigos!$A$2:$B$60, 2, 1) & " " & VLOOKUP(VALUE(MID($C60,15,4)), codigos!$E$2:$F$102, 2, FALSE) -> MULTIUSOS S/I | E60: =VLOOKUP(VALUE(MID($C60,19,2)),codigos!$H$2:$I$62,2,1) & " " & VLOOKUP(VALUE(MID($C60,21,2)),codigos!$K$2:$L$12,2,FALSE) -> BLANCO NEGRO | F60: LL CABO DE SOL | G60: VT2 | H60: 00004930 | I60: 24/07/2025 | J60: 81 | K60: 81 | L60: =+J60-K60 -> 0 | N60: 46038
A61: =DAYS360($B$1,I61) -> -244 | B61: =+N61-I61 -> 176 | C61: Producto: 2126002216050101 / BISA PLATO AVENERO 20 BLANCO C/F NEGRO | D61: =VLOOKUP(VALUE(MID($C61,13,2)), codigos!$A$2:$B$60, 2, 1) & " " & VLOOKUP(VALUE(MID($C61,15,4)), codigos!$E$2:$F$102, 2, FALSE) -> PLATO AVENERO 20 | E61: =VLOOKUP(VALUE(MID($C61,19,2)),codigos!$H$2:$I$62,2,1) & " " & VLOOKUP(VALUE(MID($C61,21,2)),codigos!$K$2:$L$12,2,FALSE) -> BLANCO NEGRO | F61: LL CABO DE SOL | G61: VT2 | H61: 00004930 | I61: 24/07/2025 | J61: 120 | K61: =83+1+36 -> 120 | L61: =+J61-K61 -> 0 | N61: 46038
A62: =DAYS360($B$1,I62) -> -244 | B62: =+N62-I62 -> 176 | C62: Producto: 2128001726010101 / BISA PLATO BISTRO 16 NEGRO | D62: =VLOOKUP(VALUE(MID($C62,13,2)), codigos!$A$2:$B$60, 2, 1) & " " & VLOOKUP(VALUE(MID($C62,15,4)), codigos!$E$2:$F$102, 2, FALSE) -> PLATO BISTRO 16 | E62: =VLOOKUP(VALUE(MID($C62,19,2)),codigos!$H$2:$I$62,2,1) & " " & VLOOKUP(VALUE(MID($C62,21,2)),codigos!$K$2:$L$12,2,FALSE) -> NEGRO S/I | F62: LL CABO DE SOL | G62: VT2 | H62: 00004930 | I62: 24/07/2025 | J62: 72 | K62: 72 | L62: =+J62-K62 -> 0 | N62: 46038
A63: =DAYS360($B$1,I63) -> -244 | B63: =+N63-I63 -> 176 | C63: Producto: 2129002716050101 / BISA PLATO HONDO 27 BLANCO C/F NEGRO | D63: =VLOOKUP(VALUE(MID($C63,13,2)), codigos!$A$2:$B$60, 2, 1) & " " & VLOOKUP(VALUE(MID($C63,15,4)), codigos!$E$2:$F$102, 2, FALSE) -> PLATO HONDO 27 | E63: =VLOOKUP(VALUE(MID($C63,19,2)),codigos!$H$2:$I$62,2,1) & " " & VLOOKUP(VALUE(MID($C63,21,2)),codigos!$K$2:$L$12,2,FALSE) -> BLANCO NEGRO | F63: LL CABO DE SOL | G63: VT2 | H63: 00004930 | I63: 24/07/2025 | J63: 81 | K63: =9+1+71 -> 81 | L63: =+J63-K63 -> 0 | N63: 46038
A64: =DAYS360($B$1,I64) -> -244 | B64: =+N64-I64 -> 176 | C64: Producto: 2130002216050701 / BISA PLATO LISO 20 BLANCO C/F NEGRO DECORADO | D64: =VLOOKUP(VALUE(MID($C64,13,2)), codigos!$A$2:$B$60, 2, 1) & " " & VLOOKUP(VALUE(MID($C64,15,4)), codigos!$E$2:$F$102, 2, FALSE) -> PLATO LISO 20 | E64: =VLOOKUP(VALUE(MID($C64,19,2)),codigos!$H$2:$I$62,2,1) & " " & VLOOKUP(VALUE(MID($C64,21,2)),codigos!$K$2:$L$12,2,FALSE) -> BLANCO NEGRO | F64: LL CABO DE SOL | G64: VT2 | H64: 00004930 | I64: 24/07/2025 | J64: 126 | K64: 126 | L64: =+J64-K64 -> 0 | N64: 46038
A65: =DAYS360($B$1,I65) -> -244 | B65: =+N65-I65 -> 176 | C65: Producto: 2130002216050101 / BISA PLATO LISO 20 BLANCO C/F NEGRO | D65: =VLOOKUP(VALUE(MID($C65,13,2)), codigos!$A$2:$B$60, 2, 1) & " " & VLOOKUP(VALUE(MID($C65,15,4)), codigos!$E$2:$F$102, 2, FALSE) -> PLATO LISO 20 | E65: =VLOOKUP(VALUE(MID($C65,19,2)),codigos!$H$2:$I$62,2,1) & " " & VLOOKUP(VALUE(MID($C65,21,2)),codigos!$K$2:$L$12,2,FALSE) -> BLANCO NEGRO | F65: LL CABO DE SOL | G65: VT2 | H65: 00004930 | I65: 24/07/2025 | J65: 801 | K65: =305+496 -> 801 | L65: =+J65-K65 -> 0 | N65: 46038
A66: =DAYS360($B$1,I66) -> -244 | B66: =+N66-I66 -> 176 | C66: Producto: 2139001216050101 / BISA TAZON 8 BLANCO C/F NEGRO | D66: =VLOOKUP(VALUE(MID($C66,13,2)), codigos!$A$2:$B$60, 2, 1) & " " & VLOOKUP(VALUE(MID($C66,15,4)), codigos!$E$2:$F$102, 2, FALSE) -> TAZON 8 | E66: =VLOOKUP(VALUE(MID($C66,19,2)),codigos!$H$2:$I$62,2,1) & " " & VLOOKUP(VALUE(MID($C66,21,2)),codigos!$K$2:$L$12,2,FALSE) -> BLANCO NEGRO | F66: LL CABO DE SOL | G66: VT2 | H66: 00004930 | I66: 24/07/2025 | J66: 882 | K66: =144+27+216+396+72-414+180+252+9 -> 882 | L66: =+J66-K66 -> 0 | N66: 46038
A67: =DAYS360($B$1,I67) -> -244 | B67: =+N67-I67 -> 176 | C67: Producto: 2139002212010101 / BISA TAZON 20 BICOLOR NARANJA | D67: =VLOOKUP(VALUE(MID($C67,13,2)), codigos!$A$2:$B$60, 2, 1) & " " & VLOOKUP(VALUE(MID($C67,15,4)), codigos!$E$2:$F$102, 2, FALSE) -> TAZON 20 | E67: =VLOOKUP(VALUE(MID($C67,19,2)),codigos!$H$2:$I$62,2,1) & " " & VLOOKUP(VALUE(MID($C67,21,2)),codigos!$K$2:$L$12,2,FALSE) -> BICOLOR NARANJA S/I | F67: LL CABO DE SOL | G67: VT2 | H67: 00004930 | I67: 24/07/2025 | J67: 150 | K67: 150 | L67: =+J67-K67 -> 0 | N67: 46038
A68: =DAYS360($B$1,I68) -> -244 | B68: =+N68-I68 -> 176 | C68: Producto: 2140001216050101 / BISA TAZON INCLINADO 8 BLANCO C/F NEGRO | D68: =VLOOKUP(VALUE(MID($C68,13,2)), codigos!$A$2:$B$60, 2, 1) & " " & VLOOKUP(VALUE(MID($C68,15,4)), codigos!$E$2:$F$102, 2, FALSE) -> TAZON INCLINADO 8 | E68: =VLOOKUP(VALUE(MID($C68,19,2)),codigos!$H$2:$I$62,2,1) & " " & VLOOKUP(VALUE(MID($C68,21,2)),codigos!$K$2:$L$12,2,FALSE) -> BLANCO NEGRO | F68: LL CABO DE SOL | G68: VT2 | H68: 00004930 | I68: 24/07/2025 | J68: 135 | K68: 135 | L68: =+J68-K68 -> 0 | N68: 46038
A69: =DAYS360($B$1,I69) -> -244 | B69: =+N69-I69 -> 176 | C69: Producto: 2330003020010101 / SANSON PLATO LISO 32 GENERICO | D69: =VLOOKUP(VALUE(MID($C69,13,2)), codigos!$A$2:$B$60, 2, 1) & " " & VLOOKUP(VALUE(MID($C69,15,4)), codigos!$E$2:$F$102, 2, FALSE) -> PLATO LISO 32 | E69: =VLOOKUP(VALUE(MID($C69,19,2)),codigos!$H$2:$I$62,2,1) & " " & VLOOKUP(VALUE(MID($C69,21,2)),codigos!$K$2:$L$12,2,FALSE) -> GENERICO S/I | F69: LL CABO DE SOL | G69: VT2 | H69: 00004930 | I69: 24/07/2025 | J69: 75 | K69: 75 | L69: =+J69-K69 -> 0 | N69: 46038
A70: =DAYS360($B$1,I70) -> -244 | B70: =+N70-I70 -> 176 | C70: Producto: 2133000926010701 / BISA POCILLO 5 NEGRO DECORADO | D70: =VLOOKUP(VALUE(MID($C70,13,2)), codigos!$A$2:$B$60, 2, 1) & " " & VLOOKUP(VALUE(MID($C70,15,4)), codigos!$E$2:$F$102, 2, FALSE) -> POCILLO 5 | E70: =VLOOKUP(VALUE(MID($C70,19,2)),codigos!$H$2:$I$62,2,1) & " " & VLOOKUP(VALUE(MID($C70,21,2)),codigos!$K$2:$L$12,2,FALSE) -> NEGRO S/I | F70: LL CABO DE SOL | G70: VT2 | H70: 00004930 | I70: 24/07/2025 | J70: 72 | K70: 72 | L70: =+J70-K70 -> 0 | N70: 46038
A71: =DAYS360($B$1,I71) -> -244 | B71: =+N71-I71 -> 176 | C71: Producto: 2140002412050101 / BISA TAZON INCLINADO 22 BICOLOR NARANJA | D71: =VLOOKUP(VALUE(MID($C71,13,2)), codigos!$A$2:$B$60, 2, 1) & " " & VLOOKUP(VALUE(MID($C71,15,4)), codigos!$E$2:$F$102, 2, FALSE) -> TAZON INCLINADO 22 | E71: =VLOOKUP(VALUE(MID($C71,19,2)),codigos!$H$2:$I$62,2,1) & " " & VLOOKUP(VALUE(MID($C71,21,2)),codigos!$K$2:$L$12,2,FALSE) -> BICOLOR NARANJA NEGRO | F71: LL CABO DE SOL | G71: VT2 | H71: 00004930 | I71: 24/07/2025 | J71: 126 | K71: =116+10 -> 126 | L71: =+J71-K71 -> 0 | N71: 46038
A72: =DAYS360($B$1,I72) -> -244 | B72: =+N72-I72 -> 176 | C72: Producto: 2133000912050101 / BISA POCILLO 5 BICOLOR NARANJA | D72: =VLOOKUP(VALUE(MID($C72,13,2)), codigos!$A$2:$B$60, 2, 1) & " " & VLOOKUP(VALUE(MID($C72,15,4)), codigos!$E$2:$F$102, 2, FALSE) -> POCILLO 5 | E72: =VLOOKUP(VALUE(MID($C72,19,2)),codigos!$H$2:$I$62,2,1) & " " & VLOOKUP(VALUE(MID($C72,21,2)),codigos!$K$2:$L$12,2,FALSE) -> BICOLOR NARANJA NEGRO | F72: LL CABO DE SOL | G72: VT2 | H72: 00004930 | I72: 24/07/2025 | J72: 750 | K72: =78+120+12+144+12+216+5+163 -> 750 | L72: =+J72-K72 -> 0 | N72: 46038
A73: =DAYS360($B$1,I73) -> -244 | B73: =+N73-I73 -> 176 | C73: Producto: 2138000126010701 / BISA TAZA BISTRO NEGRO DECORADO | D73: =VLOOKUP(VALUE(MID($C73,13,2)), codigos!$A$2:$B$60, 2, 1) & " " & VLOOKUP(VALUE(MID($C73,15,4)), codigos!$E$2:$F$102, 2, FALSE) -> TAZA BISTRO S/I | E73: =VLOOKUP(VALUE(MID($C73,19,2)),codigos!$H$2:$I$62,2,1) & " " & VLOOKUP(VALUE(MID($C73,21,2)),codigos!$K$2:$L$12,2,FALSE) -> NEGRO S/I | F73: LL CABO DE SOL | G73: VT2 | H73: 00004930 | I73: 24/07/2025 | J73: 63 | K73: =51+12 -> 63 | L73: =+J73-K73 -> 0 | N73: 46038
A74: =DAYS360($B$1,I74) -> -244 | B74: =+N74-I74 -> 176 | C74: Producto: 2145001227010701 / BISA VASO 8 NEGRO MOTAS DECPRADO | D74: =VLOOKUP(VALUE(MID($C74,13,2)), codigos!$A$2:$B$60, 2, 1) & " " & VLOOKUP(VALUE(MID($C74,15,4)), codigos!$E$2:$F$102, 2, FALSE) -> VASO 8 | E74: =VLOOKUP(VALUE(MID($C74,19,2)),codigos!$H$2:$I$62,2,1) & " " & VLOOKUP(VALUE(MID($C74,21,2)),codigos!$K$2:$L$12,2,FALSE) -> NEGRO MOTAS S/I | F74: LL CABO DE SOL | G74: VT2 | H74: 00004930 | I74: 24/07/2025 | J74: 72 | K74: =72-48+48 -> 72 | L74: =+J74-K74 -> 0 | N74: 46038
A75: =DAYS360($B$1,I75) -> -244 | B75: =+N75-I75 -> 176 | C75: Producto: 2130001727010701 / BISA PLATO LISO 16 NEGRO MOTAS DECORADO | D75: =VLOOKUP(VALUE(MID($C75,13,2)), codigos!$A$2:$B$60, 2, 1) & " " & VLOOKUP(VALUE(MID($C75,15,4)), codigos!$E$2:$F$102, 2, FALSE) -> PLATO LISO 16 | E75: =VLOOKUP(VALUE(MID($C75,19,2)),codigos!$H$2:$I$62,2,1) & " " & VLOOKUP(VALUE(MID($C75,21,2)),codigos!$K$2:$L$12,2,FALSE) -> NEGRO MOTAS S/I | F75: LL CABO DE SOL | G75: VT2 | H75: 00004930 | I75: 24/07/2025 | J75: 63 | K75: 63 | L75: =+J75-K75 -> 0 | M75: =(SUM(K60:K75))/(SUM(J60:J75)) -> 1 | N75: 46038
A76: =DAYS360($B$1,I76) -> -183 | B76: =+N76-I76 -> 106 | C76: Producto: 2406002525010101 / IMU 4.5QT ENAMEL DUTCH OVEN BLUE C20666-1014610W | D76: =VLOOKUP(VALUE(MID($C76,13,2)), codigos!$A$2:$B$60, 2, 1) & " " & VLOOKUP(VALUE(MID($C76,15,4)), codigos!$E$2:$F$102, 2, FALSE) -> BUDINERA 24 | E76: =VLOOKUP(VALUE(MID($C76,19,2)),codigos!$H$2:$I$62,2,1) & " " & VLOOKUP(VALUE(MID($C76,21,2)),codigos!$K$2:$L$12,2,FALSE) -> NAVY S/I | F76: IMUSA | G76: VT3 | H76: 00001071 | I76: 25/09/2025 | J76: 1272 | K76: =225+270+270+234+201+72 -> 1272 | L76: =+J76-K76 -> 0 | M76: =(SUM(K76:K82))/(SUM(J76:J82)) -> 0.97097859 | N76: 46031
A77: =DAYS360($B$1,I77) -> -183 | B77: =+N77-I77 -> 106 | C77: Producto: 2407001525010101 / IMU 1.25 ENAMEL SAUCE PAN BLUE C20666-1017710 | D77: =VLOOKUP(VALUE(MID($C77,13,2)), codigos!$A$2:$B$60, 2, 1) & " " & VLOOKUP(VALUE(MID($C77,15,4)), codigos!$E$2:$F$102, 2, FALSE) -> CAZO 14 | E77: =VLOOKUP(VALUE(MID($C77,19,2)),codigos!$H$2:$I$62,2,1) & " " & VLOOKUP(VALUE(MID($C77,21,2)),codigos!$K$2:$L$12,2,FALSE) -> NAVY S/I | F77: IMUSA | G77: VT3 | H77: 00001071 | I77: 25/09/2025 | J77: 3048 | K77: =210+552+3+720+732+270+3+120+330+108 -> 3048 | L77: =+J77-K77 -> 0 | N77: 46031
A78: =DAYS360($B$1,I78) -> -183 | B78: =+N78-I78 -> 106 | C78: Producto: 2425002425010101 / IMU 6 QT ENAMEL STOCK POT BLUE C20666-1063310W | D78: =VLOOKUP(VALUE(MID($C78,13,2)), codigos!$A$2:$B$60, 2, 1) & " " & VLOOKUP(VALUE(MID($C78,15,4)), codigos!$E$2:$F$102, 2, FALSE) -> OLLA RECTA 22 | E78: =VLOOKUP(VALUE(MID($C78,19,2)),codigos!$H$2:$I$62,2,1) & " " & VLOOKUP(VALUE(MID($C78,21,2)),codigos!$K$2:$L$12,2,FALSE) -> NAVY S/I | F78: IMUSA | G78: VT3 | H78: 00001071 | I78: 25/09/2025 | J78: 1248 | K78: =364+240+308+1+58+277 -> 1248 | L78: =+J78-K78 -> 0 | N78: 46031
A79: =DAYS360($B$1,I79) -> -183 | B79: =+N79-I79 -> 106 | C79: Producto: 2425002525010101 / IMU 7.75QT ENAMEL STOCK POT BLUE C20666-10636W | D79: =VLOOKUP(VALUE(MID($C79,13,2)), codigos!$A$2:$B$60, 2, 1) & " " & VLOOKUP(VALUE(MID($C79,15,4)), codigos!$E$2:$F$102, 2, FALSE) -> OLLA RECTA 24 | E79: =VLOOKUP(VALUE(MID($C79,19,2)),codigos!$H$2:$I$62,2,1) & " " & VLOOKUP(VALUE(MID($C79,21,2)),codigos!$K$2:$L$12,2,FALSE) -> NAVY S/I | F79: IMUSA | G79: VT3 | H79: 00001071 | I79: 25/09/2025 | J79: 1076 | K79: 1076 | L79: =+J79-K79 -> 0 | N79: 46031
A80: =DAYS360($B$1,I80) -> -183 | B80: =+N80-I80 -> 106 | C80: Producto: 2425002825010101 / IMU 12 QT ENAMEL STOCK POT BLUE C20666-10646W | D80: =VLOOKUP(VALUE(MID($C80,13,2)), codigos!$A$2:$B$60, 2, 1) & " " & VLOOKUP(VALUE(MID($C80,15,4)), codigos!$E$2:$F$102, 2, FALSE) -> OLLA RECTA 28 | E80: =VLOOKUP(VALUE(MID($C80,19,2)),codigos!$H$2:$I$62,2,1) & " " & VLOOKUP(VALUE(MID($C80,21,2)),codigos!$K$2:$L$12,2,FALSE) -> NAVY S/I | F80: IMUSA | G80: VT3 | H80: 00001071 | I80: 25/09/2025 | J80: 2418 | K80: 2090 | L80: =+J80-K80 -> 328 | N80: 46031
A81: =DAYS360($B$1,I81) -> -183 | B81: =+N81-I81 -> 106 | C81: Producto: 2433001450010101 / IMU 12 CM ENAMEL MUG BLUE (WM) C20666-10977W | D81: =VLOOKUP(VALUE(MID($C81,13,2)), codigos!$A$2:$B$60, 2, 1) & " " & VLOOKUP(VALUE(MID($C81,15,4)), codigos!$E$2:$F$102, 2, FALSE) -> POCILLO 12 | E81: =VLOOKUP(VALUE(MID($C81,19,2)),codigos!$H$2:$I$62,2,1) & " " & VLOOKUP(VALUE(MID($C81,21,2)),codigos!$K$2:$L$12,2,FALSE) -> NAVY (WM) S/I | F81: IMUSA | G81: VT3 | H81: 00001071 | I81: 25/09/2025 | J81: 1830 | K81: =225+678+300+2+625 -> 1830 | L81: =+J81-K81 -> 0 | N81: 46031
A82: =DAYS360($B$1,I82) -> -183 | B82: =+N82-I82 -> 106 | C82: Producto: 2444002925010101 / IMU 16 QT STEAMER STOCK POT-BLUE C20666-1065948 | D82: =VLOOKUP(VALUE(MID($C82,13,2)), codigos!$A$2:$B$60, 2, 1) & " " & VLOOKUP(VALUE(MID($C82,15,4)), codigos!$E$2:$F$102, 2, FALSE) -> VAPORERA 30 | E82: =VLOOKUP(VALUE(MID($C82,19,2)),codigos!$H$2:$I$62,2,1) & " " & VLOOKUP(VALUE(MID($C82,21,2)),codigos!$K$2:$L$12,2,FALSE) -> NAVY S/I | F82: IMUSA | G82: VT3 | H82: 00001071 | I82: 25/09/2025 | J82: 410 | K82: =50+2+100+60+44+154 -> 410 | L82: =+J82-K82 -> 0 | N82: 46031
A83: =DAYS360($B$1,I83) -> -128 | B83: =+N83-I83 -> 53 | C83: Producto: 2106002402010101 / BISA BUDINERA 22 A/T | D83: =VLOOKUP(VALUE(MID($C83,13,2)), codigos!$A$2:$B$60, 2, 1) & " " & VLOOKUP(VALUE(MID($C83,15,4)), codigos!$E$2:$F$102, 2, FALSE) -> BUDINERA 22 | E83: =VLOOKUP(VALUE(MID($C83,19,2)),codigos!$H$2:$I$62,2,1) & " " & VLOOKUP(VALUE(MID($C83,21,2)),codigos!$K$2:$L$12,2,FALSE) -> A/T S/I | F83: ACOLT HERNANDEZ | G83: BOC | H83: 00000881 | I83: 20/11/2025 | J83: 24 | K83: 24 | L83: =+J83-K83 -> 0 | M83: =(SUM(K83:K88))/(SUM(J83:J88)) -> 1 | N83: 46034
A84: =DAYS360($B$1,I84) -> -128 | B84: =+N84-I84 -> 53 | C84: Producto: 2106002602010101 / BISA BUDINERA 26 A/T | D84: =VLOOKUP(VALUE(MID($C84,13,2)), codigos!$A$2:$B$60, 2, 1) & " " & VLOOKUP(VALUE(MID($C84,15,4)), codigos!$E$2:$F$102, 2, FALSE) -> BUDINERA 26 | E84: =VLOOKUP(VALUE(MID($C84,19,2)),codigos!$H$2:$I$62,2,1) & " " & VLOOKUP(VALUE(MID($C84,21,2)),codigos!$K$2:$L$12,2,FALSE) -> A/T S/I | F84: ACOLT HERNANDEZ | G84: BOC | H84: 00000881 | I84: 20/11/2025 | J84: 12 | K84: 12 | L84: =+J84-K84 -> 0 | N84: 46034
A85: =DAYS360($B$1,I85) -> -128 | B85: =+N85-I85 -> 53 | C85: Producto: 2106002902010101 / BISA BUDINERA 30 A/T | D85: =VLOOKUP(VALUE(MID($C85,13,2)), codigos!$A$2:$B$60, 2, 1) & " " & VLOOKUP(VALUE(MID($C85,15,4)), codigos!$E$2:$F$102, 2, FALSE) -> BUDINERA 30 | E85: =VLOOKUP(VALUE(MID($C85,19,2)),codigos!$H$2:$I$62,2,1) & " " & VLOOKUP(VALUE(MID($C85,21,2)),codigos!$K$2:$L$12,2,FALSE) -> A/T S/I | F85: ACOLT HERNANDEZ | G85: BOC | H85: 00000881 | I85: 20/11/2025 | J85: 40 | K85: 40 | L85: =+J85-K85 -> 0 | N85: 46034
A86: =DAYS360($B$1,I86) -> -128 | B86: =+N86-I86 -> 53 | C86: Producto: 2124002202010101 / BISA OLLA CONVEXA 20 A/T | D86: =VLOOKUP(VALUE(MID($C86,13,2)), codigos!$A$2:$B$60, 2, 1) & " " & VLOOKUP(VALUE(MID($C86,15,4)), codigos!$E$2:$F$102, 2, FALSE) -> OLLA CONVEXA 20 | E86: =VLOOKUP(VALUE(MID($C86,19,2)),codigos!$H$2:$I$62,2,1) & " " & VLOOKUP(VALUE(MID($C86,21,2)),codigos!$K$2:$L$12,2,FALSE) -> A/T S/I | F86: ACOLT HERNANDEZ | G86: BOC | H86: 00000881 | I86: 20/11/2025 | J86: 24 | K86: 24 | L86: =+J86-K86 -> 0 | N86: 46034
A87: =DAYS360($B$1,I87) -> -128 | B87: =+N87-I87 -> 53 | C87: Producto: 2125002902010101 / BISA OLLA RECTA 30 A/T | D87: =VLOOKUP(VALUE(MID($C87,13,2)), codigos!$A$2:$B$60, 2, 1) & " " & VLOOKUP(VALUE(MID($C87,15,4)), codigos!$E$2:$F$102, 2, FALSE) -> OLLA RECTA 30 | E87: =VLOOKUP(VALUE(MID($C87,19,2)),codigos!$H$2:$I$62,2,1) & " " & VLOOKUP(VALUE(MID($C87,21,2)),codigos!$K$2:$L$12,2,FALSE) -> A/T S/I | F87: ACOLT HERNANDEZ | G87: BOC | H87: 00000881 | I87: 20/11/2025 | J87: 6 | K87: 6 | L87: =+J87-K87 -> 0 | N87: 46034
A88: =DAYS360($B$1,I88) -> -128 | B88: =+N88-I88 -> 53 | C88: Producto: 2133001502010101 / BISA POCILLO 14 A/T | D88: =VLOOKUP(VALUE(MID($C88,13,2)), codigos!$A$2:$B$60, 2, 1) & " " & VLOOKUP(VALUE(MID($C88,15,4)), codigos!$E$2:$F$102, 2, FALSE) -> POCILLO 14 | E88: =VLOOKUP(VALUE(MID($C88,19,2)),codigos!$H$2:$I$62,2,1) & " " & VLOOKUP(VALUE(MID($C88,21,2)),codigos!$K$2:$L$12,2,FALSE) -> A/T S/I | F88: ACOLT HERNANDEZ | G88: BOC | H88: 00000881 | I88: 20/11/2025 | J88: 48 | K88: 48 | L88: =+J88-K88 -> 0 | N88: 46034
A89: =DAYS360($B$1,I89) -> -157 | B89: =+N89-I89 -> 100 | C89: Producto: 1103000419010101 / BISA BAÑO 000 GALVANIZADO | D89: =VLOOKUP(VALUE(MID($C89,13,2)), codigos!$A$2:$B$60, 2, 1) & " " & VLOOKUP(VALUE(MID($C89,15,4)), codigos!$E$2:$F$102, 2, FALSE) -> BAÑO 0 | E89: =VLOOKUP(VALUE(MID($C89,19,2)),codigos!$H$2:$I$62,2,1) & " " & VLOOKUP(VALUE(MID($C89,21,2)),codigos!$K$2:$L$12,2,FALSE) -> GALVANIZADO S/I | F89: HOSPITALITY SERVICE MAYA | G89: VT1 | H89: 00003616 | I89: 21/10/2025 | J89: 15 | K89: 15 | L89: =+J89-K89 -> 0 | M89: =(SUM(K89:K99))/(SUM(J89:J99)) -> 1 | N89: 46051
A90: =DAYS360($B$1,I90) -> -157 | B90: =+N90-I90 -> 100 | C90: Producto: 1111002119010101 / BISA CUBETA 18 GALVANIZADO | D90: =VLOOKUP(VALUE(MID($C90,13,2)), codigos!$A$2:$B$60, 2, 1) & " " & VLOOKUP(VALUE(MID($C90,15,4)), codigos!$E$2:$F$102, 2, FALSE) -> CUBETA 18 | E90: =VLOOKUP(VALUE(MID($C90,19,2)),codigos!$H$2:$I$62,2,1) & " " & VLOOKUP(VALUE(MID($C90,21,2)),codigos!$K$2:$L$12,2,FALSE) -> GALVANIZADO S/I | F90: HOSPITALITY SERVICE MAYA | G90: VT1 | H90: 00003616 | I90: 21/10/2025 | J90: 25 | K90: 25 | L90: =+J90-K90 -> 0 | N90: 46051
A91: =DAYS360($B$1,I91) -> -157 | B91: =+N91-I91 -> 100 | C91: Producto: 2122000102010101 / BISA MULTIUSOS A/T | D91: =VLOOKUP(VALUE(MID($C91,13,2)), codigos!$A$2:$B$60, 2, 1) & " " & VLOOKUP(VALUE(MID($C91,15,4)), codigos!$E$2:$F$102, 2, FALSE) -> MULTIUSOS S/I | E91: =VLOOKUP(VALUE(MID($C91,19,2)),codigos!$H$2:$I$62,2,1) & " " & VLOOKUP(VALUE(MID($C91,21,2)),codigos!$K$2:$L$12,2,FALSE) -> A/T S/I | F91: HOSPITALITY SERVICE MAYA | G91: VT1 | H91: 00003616 | I91: 21/10/2025 | J91: 36 | K91: 36 | L91: =+J91-K91 -> 0 | N91: 46051
A92: =DAYS360($B$1,I92) -> -157 | B92: =+N92-I92 -> 100 | C92: Producto: 2122000116050101 / BISA MULTIUSOS BLANCO C/F NEGRO | D92: =VLOOKUP(VALUE(MID($C92,13,2)), codigos!$A$2:$B$60, 2, 1) & " " & VLOOKUP(VALUE(MID($C92,15,4)), codigos!$E$2:$F$102, 2, FALSE) -> MULTIUSOS S/I | E92: =VLOOKUP(VALUE(MID($C92,19,2)),codigos!$H$2:$I$62,2,1) & " " & VLOOKUP(VALUE(MID($C92,21,2)),codigos!$K$2:$L$12,2,FALSE) -> BLANCO NEGRO | F92: HOSPITALITY SERVICE MAYA | G92: VT1 | H92: 00003616 | I92: 21/10/2025 | J92: 36 | K92: 36 | L92: =+J92-K92 -> 0 | N92: 46051
A93: =DAYS360($B$1,I93) -> -157 | B93: =+N93-I93 -> 100 | C93: Producto: 2122000126010101 / BISA MULTIUSOS NEGRO | D93: =VLOOKUP(VALUE(MID($C93,13,2)), codigos!$A$2:$B$60, 2, 1) & " " & VLOOKUP(VALUE(MID($C93,15,4)), codigos!$E$2:$F$102, 2, FALSE) -> MULTIUSOS S/I | E93: =VLOOKUP(VALUE(MID($C93,19,2)),codigos!$H$2:$I$62,2,1) & " " & VLOOKUP(VALUE(MID($C93,21,2)),codigos!$K$2:$L$12,2,FALSE) -> NEGRO S/I | F93: HOSPITALITY SERVICE MAYA | G93: VT1 | H93: 00003616 | I93: 21/10/2025 | J93: 36 | K93: 36 | L93: =+J93-K93 -> 0 | N93: 46051
A94: =DAYS360($B$1,I94) -> -157 | B94: =+N94-I94 -> 100 | C94: Producto: 2123001802010101 / BISA MULTIUSOS RAYADO 15.5 A/T | D94: =VLOOKUP(VALUE(MID($C94,13,2)), codigos!$A$2:$B$60, 2, 1) & " " & VLOOKUP(VALUE(MID($C94,15,4)), codigos!$E$2:$F$102, 2, FALSE) -> MULTIUSOS RAYADO 16.5 | E94: =VLOOKUP(VALUE(MID($C94,19,2)),codigos!$H$2:$I$62,2,1) & " " & VLOOKUP(VALUE(MID($C94,21,2)),codigos!$K$2:$L$12,2,FALSE) -> A/T S/I | F94: HOSPITALITY SERVICE MAYA | G94: VT1 | H94: 00003616 | I94: 21/10/2025 | J94: 48 | K94: 48 | L94: =+J94-K94 -> 0 | N94: 46051
A95: =DAYS360($B$1,I95) -> -157 | B95: =+N95-I95 -> 100 | C95: Producto: 2133000902010101 / BISA POCILLO 5 A/T | D95: =VLOOKUP(VALUE(MID($C95,13,2)), codigos!$A$2:$B$60, 2, 1) & " " & VLOOKUP(VALUE(MID($C95,15,4)), codigos!$E$2:$F$102, 2, FALSE) -> POCILLO 5 | E95: =VLOOKUP(VALUE(MID($C95,19,2)),codigos!$H$2:$I$62,2,1) & " " & VLOOKUP(VALUE(MID($C95,21,2)),codigos!$K$2:$L$12,2,FALSE) -> A/T S/I | F95: HOSPITALITY SERVICE MAYA | G95: VT1 | H95: 00003616 | I95: 21/10/2025 | J95: 72 | K95: 72 | L95: =+J95-K95 -> 0 | N95: 46051
A96: =DAYS360($B$1,I96) -> -157 | B96: =+N96-I96 -> 100 | C96: Producto: 2133001202010101 / BISA POCILLO 8 A/T | D96: =VLOOKUP(VALUE(MID($C96,13,2)), codigos!$A$2:$B$60, 2, 1) & " " & VLOOKUP(VALUE(MID($C96,15,4)), codigos!$E$2:$F$102, 2, FALSE) -> POCILLO 8 | E96: =VLOOKUP(VALUE(MID($C96,19,2)),codigos!$H$2:$I$62,2,1) & " " & VLOOKUP(VALUE(MID($C96,21,2)),codigos!$K$2:$L$12,2,FALSE) -> A/T S/I | F96: HOSPITALITY SERVICE MAYA | G96: VT1 | H96: 00003616 | I96: 21/10/2025 | J96: 144 | K96: 144 | L96: =+J96-K96 -> 0 | N96: 46051
A97: =DAYS360($B$1,I97) -> -157 | B97: =+N97-I97 -> 100 | C97: Producto: 2135000116050101 / BISA PORTAVASOS BLANCO C/F NEGRO | D97: =VLOOKUP(VALUE(MID($C97,13,2)), codigos!$A$2:$B$60, 2, 1) & " " & VLOOKUP(VALUE(MID($C97,15,4)), codigos!$E$2:$F$102, 2, FALSE) -> PORTAVASOS S/I | E97: =VLOOKUP(VALUE(MID($C97,19,2)),codigos!$H$2:$I$62,2,1) & " " & VLOOKUP(VALUE(MID($C97,21,2)),codigos!$K$2:$L$12,2,FALSE) -> BLANCO NEGRO | F97: HOSPITALITY SERVICE MAYA | G97: VT1 | H97: 00003616 | I97: 21/10/2025 | J97: 240 | K97: 240 | L97: =+J97-K97 -> 0 | N97: 46051
A98: =DAYS360($B$1,I98) -> -157 | B98: =+N98-I98 -> 100 | C98: Producto: 2142002121010101 / BISA TORTILLERO 18 GRIS | D98: =VLOOKUP(VALUE(MID($C98,13,2)), codigos!$A$2:$B$60, 2, 1) & " " & VLOOKUP(VALUE(MID($C98,15,4)), codigos!$E$2:$F$102, 2, FALSE) -> TORTILLERO 18 | E98: =VLOOKUP(VALUE(MID($C98,19,2)),codigos!$H$2:$I$62,2,1) & " " & VLOOKUP(VALUE(MID($C98,21,2)),codigos!$K$2:$L$12,2,FALSE) -> GRIS S/I | F98: HOSPITALITY SERVICE MAYA | G98: VT1 | H98: 00003616 | I98: 21/10/2025 | J98: 48 | K98: =1+2+42+3 -> 48 | L98: =+J98-K98 -> 0 | N98: 46051
A99: =DAYS360($B$1,I99) -> -157 | B99: =+N99-I99 -> 100 | C99: Producto: 2154009717010101 / BISA JARRA ABOMBADA 3L COBALTO | D99: =VLOOKUP(VALUE(MID($C99,13,2)), codigos!$A$2:$B$60, 2, 1) & " " & VLOOKUP(VALUE(MID($C99,15,4)), codigos!$E$2:$F$102, 2, FALSE) -> JARRA ABOMBADA 3 L | E99: =VLOOKUP(VALUE(MID($C99,19,2)),codigos!$H$2:$I$62,2,1) & " " & VLOOKUP(VALUE(MID($C99,21,2)),codigos!$K$2:$L$12,2,FALSE) -> COBALTO S/I | F99: HOSPITALITY SERVICE MAYA | G99: VT1 | H99: 00003616 | I99: 21/10/2025 | J99: 12 | K99: 12 | L99: =+J99-K99 -> 0 | N99: 46051
A100: =DAYS360($B$1,I100) -> -83 | B100: =+N100-I100 -> 9 | C100: Producto: 2106002102010103 / BISA BUDINERA 18 A/T 6PZ/1 CF 746169031812 | D100: BUDINERA 18 | E100: A/T S/I | F100: CITY FRESKO | G100: VT2 | H100: 00005053 | I100: 05/01/2026 | J100: 6 | K100: =3+3 -> 6 | L100: =J100-K100 -> 0 | M100: =(SUM(K100:K118))/(SUM(J100:J118)) -> 1 | N100: 46036
...

Sheet PENDIENTES
A1: DESCRIPCION | B1: PRODUCTO | C1: COLOR | D1: CLIENTE | E1: Serie documento | F1: DOCUMENTO | G1: FECHA CAPTURA | H1: Cantidad | I1: EXISTENTE | J1: PEDIDO FALTANTE | K1: % | L1: FECHA DE VENTAS | M1: PRODUCCION | N1: FECHA LOGISTICA
A2: Producto: 2533001425010101 / SANSON POCILLO 12 NAVY W | B2: POCILLO 12 | C2: NAVY S/I | D2: WALDO´S | E2: VT2 | F2: 00004893 | G2: 25/06/2025 | H2: 996 | I2: 996 | J2: 0
A3: Producto: 2533001527010101 / BISA POCILLO 14 NEGRO MOTAS W | B3: POCILLO 14 | C3: NEGRO MOTAS S/I | D3: WALDO´S | E3: VT2 | F3: 00004893 | G3: 25/06/2025 | H3: 1302 | I3: 1302 | J3: 0 | K3: 1
A4: Producto: 2533001425010101 / SANSON POCILLO 12 NAVY W | B4: POCILLO 12 | C4: NAVY S/I | D4: WALDO´S | E4: VT2 | F4: 00004894 | G4: 25/06/2025 | H4: 1116 | I4: 192 | J4: 924
A5: Producto: 2533001527010101 / BISA POCILLO 14 NEGRO MOTAS W | B5: POCILLO 14 | C5: NEGRO MOTAS S/I | D5: WALDO´S | E5: VT2 | F5: 00004894 | G5: 25/06/2025 | H5: 1110 | I5: 506 | J5: 604 | K5: 0.31356694 | L5: 45859
A6: Producto: 2533001425010101 / SANSON POCILLO 12 NAVY W | B6: POCILLO 12 | C6: NAVY S/I | D6: WALDO´S | E6: VT2 | F6: 00004895 | G6: 25/06/2025 | H6: 600 | I6: 0 | J6: 600 | L6: 45859
A7: Producto: 2533001527010101 / BISA POCILLO 14 NEGRO MOTAS W | B7: POCILLO 14 | C7: NEGRO MOTAS S/I | D7: WALDO´S | E7: VT2 | F7: 00004895 | G7: 25/06/2025 | H7: 600 | I7: 0 | J7: 600 | K7: 0 | L7: 45873
A8: Producto: 2533001425010101 / SANSON POCILLO 12 NAVY W | B8: POCILLO 12 | C8: NAVY S/I | D8: WALDO´S | E8: VT2 | F8: 00004896 | G8: 25/06/2025 | H8: 696 | I8: 696 | J8: 0 | L8: 45873
A9: Producto: 2533001527010101 / BISA POCILLO 14 NEGRO MOTAS W | B9: POCILLO 14 | C9: NEGRO MOTAS S/I | D9: WALDO´S | E9: VT2 | F9: 00004896 | G9: 25/06/2025 | H9: 702 | I9: 0 | J9: 702 | K9: 0.49785408 | L9: 45880
A10: Producto: 2533001425010101 / SANSON POCILLO 12 NAVY W | B10: POCILLO 12 | C10: NAVY S/I | D10: WALDO´S | E10: VT2 | F10: 00004897 | G10: 25/06/2025 | H10: 1068 | I10: 0 | J10: 1068 | L10: 45880
A11: Producto: 2533001527010101 / BISA POCILLO 14 NEGRO MOTAS W | B11: POCILLO 14 | C11: NEGRO MOTAS S/I | D11: WALDO´S | E11: VT2 | F11: 00004897 | G11: 25/06/2025 | H11: 1068 | I11: 0 | J11: 1068 | K11: 0 | L11: 45859
A12: Producto: 2533001425010101 / SANSON POCILLO 12 NAVY W | B12: POCILLO 12 | C12: NAVY S/I | D12: WALDO´S | E12: VT2 | F12: 00004898 | G12: 25/06/2025 | H12: 504 | I12: 0 | J12: 504 | L12: 45859
A13: Producto: 2533001527010101 / BISA POCILLO 14 NEGRO MOTAS W | B13: POCILLO 14 | C13: NEGRO MOTAS S/I | D13: WALDO´S | E13: VT2 | F13: 00004898 | G13: 25/06/2025 | H13: 498 | I13: 0 | J13: 498 | K13: 0 | L13: 45880
A14: Producto: 2533001425010101 / SANSON POCILLO 12 NAVY W | B14: POCILLO 12 | C14: NAVY S/I | D14: WALDO´S | E14: VT2 | F14: 00004899 | G14: 25/06/2025 | H14: 600 | I14: 600 | J14: 0 | L14: 45880
A15: Producto: 2533001527010101 / BISA POCILLO 14 NEGRO MOTAS W | B15: POCILLO 14 | C15: NEGRO MOTAS S/I | D15: WALDO´S | E15: VT2 | F15: 00004899 | G15: 25/06/2025 | H15: 600 | I15: 0 | J15: 600 | K15: 0.5 | L15: 45901
A16: Producto: 2533001425010101 / SANSON POCILLO 12 NAVY W | B16: POCILLO 12 | C16: NAVY S/I | D16: WALDO´S | E16: VT2 | F16: 00004900 | G16: 25/06/2025 | H16: 936 | I16: 0 | J16: 936 | L16: 45901
A17: Producto: 2533001527010101 / BISA POCILLO 14 NEGRO MOTAS W | B17: POCILLO 14 | C17: NEGRO MOTAS S/I | D17: WALDO´S | E17: VT2 | F17: 00004900 | G17: 25/06/2025 | H17: 1044 | I17: 0 | J17: 1044 | K17: 0 | L17: 45859
A18: Producto: 2533001425010101 / SANSON POCILLO 12 NAVY W | B18: POCILLO 12 | C18: NAVY S/I | D18: WALDO´S | E18: VT2 | F18: 00004901 | G18: 25/06/2025 | H18: 804 | I18: 0 | J18: 804 | L18: 45859
A19: Producto: 2533001527010101 / BISA POCILLO 14 NEGRO MOTAS W | B19: POCILLO 14 | C19: NEGRO MOTAS S/I | D19: WALDO´S | E19: VT2 | F19: 00004901 | G19: 25/06/2025 | H19: 798 | I19: 0 | J19: 798 | K19: 0 | L19: 45901
A20: Producto: 1203000219010101 / POP BAÑO 0 GALVANIZADO | B20: =VLOOKUP(VALUE(MID($A20,13,2)), codigos!$A$2:$B$60, 2, 1) & " " & VLOOKUP(VALUE(MID($A20,15,4)), codigos!$E$2:$F$102, 2, FALSE) -> BAÑO 0 | C20: =VLOOKUP(VALUE(MID($A20,19,2)),codigos!$H$2:$I$62,2,1) & " " & VLOOKUP(VALUE(MID($A20,21,2)),codigos!$K$2:$L$12,2,FALSE) -> GALVANIZADO S/I | D20: JAVIER CEDILLO | E20: COT | F20: 00000726 | G20: 20/05/2025 | H20: 10 | I20: 0 | J20: =+H20-I20 -> 10
A21: Producto: 1203000519010101 / POP BAÑO 1 GALVANIZADO | B21: =VLOOKUP(VALUE(MID($A21,13,2)), codigos!$A$2:$B$60, 2, 1) & " " & VLOOKUP(VALUE(MID($A21,15,4)), codigos!$E$2:$F$102, 2, FALSE) -> BAÑO 1 | C21: =VLOOKUP(VALUE(MID($A21,19,2)),codigos!$H$2:$I$62,2,1) & " " & VLOOKUP(VALUE(MID($A21,21,2)),codigos!$K$2:$L$12,2,FALSE) -> GALVANIZADO S/I | D21: JAVIER CEDILLO | E21: COT | F21: 00000726 | G21: 20/05/2025 | H21: 10 | I21: 0 | J21: =+H21-I21 -> 10
A22: Producto: 1203000619010101 / POP BAÑO 2 GALVANIZADO | B22: =VLOOKUP(VALUE(MID($A22,13,2)), codigos!$A$2:$B$60, 2, 1) & " " & VLOOKUP(VALUE(MID($A22,15,4)), codigos!$E$2:$F$102, 2, FALSE) -> BAÑO 2 | C22: =VLOOKUP(VALUE(MID($A22,19,2)),codigos!$H$2:$I$62,2,1) & " " & VLOOKUP(VALUE(MID($A22,21,2)),codigos!$K$2:$L$12,2,FALSE) -> GALVANIZADO S/I | D22: JAVIER CEDILLO | E22: COT | F22: 00000726 | G22: 20/05/2025 | H22: 20 | I22: 0 | J22: =+H22-I22 -> 20
A23: Producto: 1203000719010101 / POP BAÑO 3 GALVANIZADO | B23: =VLOOKUP(VALUE(MID($A23,13,2)), codigos!$A$2:$B$60, 2, 1) & " " & VLOOKUP(VALUE(MID($A23,15,4)), codigos!$E$2:$F$102, 2, FALSE) -> BAÑO 3 | C23: =VLOOKUP(VALUE(MID($A23,19,2)),codigos!$H$2:$I$62,2,1) & " " & VLOOKUP(VALUE(MID($A23,21,2)),codigos!$K$2:$L$12,2,FALSE) -> GALVANIZADO S/I | D23: JAVIER CEDILLO | E23: COT | F23: 00000726 | G23: 20/05/2025 | H23: 20 | I23: 0 | J23: =+H23-I23 -> 20
A24: Producto: 1203000819010101 / POP BAÑO 4 GALVANIZADO | B24: =VLOOKUP(VALUE(MID($A24,13,2)), codigos!$A$2:$B$60, 2, 1) & " " & VLOOKUP(VALUE(MID($A24,15,4)), codigos!$E$2:$F$102, 2, FALSE) -> BAÑO 4 | C24: =VLOOKUP(VALUE(MID($A24,19,2)),codigos!$H$2:$I$62,2,1) & " " & VLOOKUP(VALUE(MID($A24,21,2)),codigos!$K$2:$L$12,2,FALSE) -> GALVANIZADO S/I | D24: JAVIER CEDILLO | E24: COT | F24: 00000726 | G24: 20/05/2025 | H24: 20 | I24: 0 | J24: =+H24-I24 -> 20
A25: Producto: 1203000919010101 / POP BAÑO 5 GALVANIZADO | B25: =VLOOKUP(VALUE(MID($A25,13,2)), codigos!$A$2:$B$60, 2, 1) & " " & VLOOKUP(VALUE(MID($A25,15,4)), codigos!$E$2:$F$102, 2, FALSE) -> BAÑO 5 | C25: =VLOOKUP(VALUE(MID($A25,19,2)),codigos!$H$2:$I$62,2,1) & " " & VLOOKUP(VALUE(MID($A25,21,2)),codigos!$K$2:$L$12,2,FALSE) -> GALVANIZADO S/I | D25: JAVIER CEDILLO | E25: COT | F25: 00000726 | G25: 20/05/2025 | H25: 20 | I25: 0 | J25: =+H25-I25 -> 20
A26: Producto: 1203001019010101 / POP BAÑO 6 GALVANIZADO | B26: =VLOOKUP(VALUE(MID($A26,13,2)), codigos!$A$2:$B$60, 2, 1) & " " & VLOOKUP(VALUE(MID($A26,15,4)), codigos!$E$2:$F$102, 2, FALSE) -> BAÑO 6 | C26: =VLOOKUP(VALUE(MID($A26,19,2)),codigos!$H$2:$I$62,2,1) & " " & VLOOKUP(VALUE(MID($A26,21,2)),codigos!$K$2:$L$12,2,FALSE) -> GALVANIZADO S/I | D26: JAVIER CEDILLO | E26: COT | F26: 00000726 | G26: 20/05/2025 | H26: 10 | I26: 0 | J26: =+H26-I26 -> 10
A27: Producto: 1203001119010101 / POP BAÑO 7 GALVANIZADO | B27: =VLOOKUP(VALUE(MID($A27,13,2)), codigos!$A$2:$B$60, 2, 1) & " " & VLOOKUP(VALUE(MID($A27,15,4)), codigos!$E$2:$F$102, 2, FALSE) -> BAÑO 7 | C27: =VLOOKUP(VALUE(MID($A27,19,2)),codigos!$H$2:$I$62,2,1) & " " & VLOOKUP(VALUE(MID($A27,21,2)),codigos!$K$2:$L$12,2,FALSE) -> GALVANIZADO S/I | D27: JAVIER CEDILLO | E27: COT | F27: 00000726 | G27: 20/05/2025 | H27: 10 | I27: 0 | J27: =+H27-I27 -> 10
A28: Producto: 1211000819010101 / POP CUBETA 4 GALVANIZADO s | B28: =VLOOKUP(VALUE(MID($A28,13,2)), codigos!$A$2:$B$60, 2, 1) & " " & VLOOKUP(VALUE(MID($A28,15,4)), codigos!$E$2:$F$102, 2, FALSE) -> CUBETA 4 | C28: =VLOOKUP(VALUE(MID($A28,19,2)),codigos!$H$2:$I$62,2,1) & " " & VLOOKUP(VALUE(MID($A28,21,2)),codigos!$K$2:$L$12,2,FALSE) -> GALVANIZADO S/I | D28: JAVIER CEDILLO | E28: COT | F28: 00000726 | G28: 20/05/2025 | H28: 20 | I28: 0 | J28: =+H28-I28 -> 20
A29: Producto: 1211000919010101 / POP CUBETA 5 GALVANIZADO s | B29: =VLOOKUP(VALUE(MID($A29,13,2)), codigos!$A$2:$B$60, 2, 1) & " " & VLOOKUP(VALUE(MID($A29,15,4)), codigos!$E$2:$F$102, 2, FALSE) -> CUBETA 5 | C29: =VLOOKUP(VALUE(MID($A29,19,2)),codigos!$H$2:$I$62,2,1) & " " & VLOOKUP(VALUE(MID($A29,21,2)),codigos!$K$2:$L$12,2,FALSE) -> GALVANIZADO S/I | D29: JAVIER CEDILLO | E29: COT | F29: 00000726 | G29: 20/05/2025 | H29: 20 | I29: 0 | J29: =+H29-I29 -> 20
A30: Producto: 1211001019010101 / POP CUBETA 6 GALVANIZADO | B30: =VLOOKUP(VALUE(MID($A30,13,2)), codigos!$A$2:$B$60, 2, 1) & " " & VLOOKUP(VALUE(MID($A30,15,4)), codigos!$E$2:$F$102, 2, FALSE) -> CUBETA 6 | C30: =VLOOKUP(VALUE(MID($A30,19,2)),codigos!$H$2:$I$62,2,1) & " " & VLOOKUP(VALUE(MID($A30,21,2)),codigos!$K$2:$L$12,2,FALSE) -> GALVANIZADO S/I | D30: JAVIER CEDILLO | E30: COT | F30: 00000726 | G30: 20/05/2025 | H30: 20 | I30: 0 | J30: =+H30-I30 -> 20
A31: Producto: 1211001219010101 / POP CUBETA 8 GALVANIZADO | B31: =VLOOKUP(VALUE(MID($A31,13,2)), codigos!$A$2:$B$60, 2, 1) & " " & VLOOKUP(VALUE(MID($A31,15,4)), codigos!$E$2:$F$102, 2, FALSE) -> CUBETA 8 | C31: =VLOOKUP(VALUE(MID($A31,19,2)),codigos!$H$2:$I$62,2,1) & " " & VLOOKUP(VALUE(MID($A31,21,2)),codigos!$K$2:$L$12,2,FALSE) -> GALVANIZADO S/I | D31: JAVIER CEDILLO | E31: COT | F31: 00000726 | G31: 20/05/2025 | H31: 30 | I31: 0 | J31: =+H31-I31 -> 30
... A36: Producto: 1211002119010101 / POP CUBETA 18 GALVANIZADO | B36: =VLOOKUP(VALUE(MID($A36,13,2)), codigos!$A$2:$B$60, 2, 1) & " " & VLOOKUP(VALUE(MID($A36,15,4)), codigos!$E$2:$F$102, 2, FALSE) -> CUBETA 18 | C36: =VLOOKUP(VALUE(MID($A36,19,2)),codigos!$H$2:$I$62,2,1) & " " & VLOOKUP(VALUE(MID($A36,21,2)),codigos!$K$2:$L$12,2,FALSE) -> GALVANIZADO S/I | D36: JAVIER CEDILLO | E36: COT | F36: 00000726 | G36: 20/05/2025 | H36: 10 | I36: 0 | J36: =+H36-I36 -> 10
A37: Producto: 1211002219010101 / POP CUBETA 20 GALVANIZADO | B37: =VLOOKUP(VALUE(MID($A37,13,2)), codigos!$A$2:$B$60, 2, 1) & " " & VLOOKUP(VALUE(MID($A37,15,4)), codigos!$E$2:$F$102, 2, FALSE) -> CUBETA 20 | C37: =VLOOKUP(VALUE(MID($A37,19,2)),codigos!$H$2:$I$62,2,1) & " " & VLOOKUP(VALUE(MID($A37,21,2)),codigos!$K$2:$L$12,2,FALSE) -> GALVANIZADO S/I | D37: JAVIER CEDILLO | E37: COT | F37: 00000726 | G37: 20/05/2025 | H37: 6 | I37: 0 | J37: =+H37-I37 -> 6 | K37: =(SUM(I20:I37))/(SUM(H20:H37)) -> 0
A38: Producto: 1103000519010101 / BISA BAÑO 1 GALVANIZADO | B38: =VLOOKUP(VALUE(MID($A38,13,2)), codigos!$A$2:$B$60, 2, 1) & " " & VLOOKUP(VALUE(MID($A38,15,4)), codigos!$E$2:$F$102, 2, FALSE) -> BAÑO 1 | C38: =VLOOKUP(VALUE(MID($A38,19,2)),codigos!$H$2:$I$62,2,1) & " " & VLOOKUP(VALUE(MID($A38,21,2)),codigos!$K$2:$L$12,2,FALSE) -> GALVANIZADO S/I | D38: JAVIER CEDILLO | E38: COT | F38: 00000725 | G38: 20/05/2025 | H38: 6 | I38: 0 | J38: =+H38-I38 -> 6
A39: Producto: 1103000619010101 / BISA BAÑO 2 GALVANIZADO | B39: =VLOOKUP(VALUE(MID($A39,13,2)), codigos!$A$2:$B$60, 2, 1) & " " & VLOOKUP(VALUE(MID($A39,15,4)), codigos!$E$2:$F$102, 2, FALSE) -> BAÑO 2 | C39: =VLOOKUP(VALUE(MID($A39,19,2)),codigos!$H$2:$I$62,2,1) & " " & VLOOKUP(VALUE(MID($A39,21,2)),codigos!$K$2:$L$12,2,FALSE) -> GALVANIZADO S/I | D39: JAVIER CEDILLO | E39: COT | F39: 00000725 | G39: 20/05/2025 | H39: 6 | I39: 0 | J39: =+H39-I39 -> 6
A40: Producto: 1103000719010101 / BISA BAÑO 3 GALVANIZADO | B40: =VLOOKUP(VALUE(MID($A40,13,2)), codigos!$A$2:$B$60, 2, 1) & " " & VLOOKUP(VALUE(MID($A40,15,4)), codigos!$E$2:$F$102, 2, FALSE) -> BAÑO 3 | C40: =VLOOKUP(VALUE(MID($A40,19,2)),codigos!$H$2:$I$62,2,1) & " " & VLOOKUP(VALUE(MID($A40,21,2)),codigos!$K$2:$L$12,2,FALSE) -> GALVANIZADO S/I | D40: JAVIER CEDILLO | E40: COT | F40: 00000725 | G40: 20/05/2025 | H40: 6 | I40: 0 | J40: =+H40-I40 -> 6
A41: Producto: 1103000819010101 / BISA BAÑO 4 GALVANIZADO | B41: =VLOOKUP(VALUE(MID($A41,13,2)), codigos!$A$2:$B$60, 2, 1) & " " & VLOOKUP(VALUE(MID($A41,15,4)), codigos!$E$2:$F$102, 2, FALSE) -> BAÑO 4 | C41: =VLOOKUP(VALUE(MID($A41,19,2)),codigos!$H$2:$I$62,2,1) & " " & VLOOKUP(VALUE(MID($A41,21,2)),codigos!$K$2:$L$12,2,FALSE) -> GALVANIZADO S/I | D41: JAVIER CEDILLO | E41: COT | F41: 00000725 | G41: 20/05/2025 | H41: 6 | I41: 0 | J41: =+H41-I41 -> 6
A42: Producto: 1103000919010101 / BISA BAÑO 5 GALVANIZADO | B42: =VLOOKUP(VALUE(MID($A42,13,2)), codigos!$A$2:$B$60, 2, 1) & " " & VLOOKUP(VALUE(MID($A42,15,4)), codigos!$E$2:$F$102, 2, FALSE) -> BAÑO 5 | C42: =VLOOKUP(VALUE(MID($A42,19,2)),codigos!$H$2:$I$62,2,1) & " " & VLOOKUP(VALUE(MID($A42,21,2)),codigos!$K$2:$L$12,2,FALSE) -> GALVANIZADO S/I | D42: JAVIER CEDILLO | E42: COT | F42: 00000725 | G42: 20/05/2025 | H42: 6 | I42: 0 | J42: =+H42-I42 -> 6
A43: Producto: 1103001019010101 / BISA BAÑO 6 GALVANIZADO | B43: =VLOOKUP(VALUE(MID($A43,13,2)), codigos!$A$2:$B$60, 2, 1) & " " & VLOOKUP(VALUE(MID($A43,15,4)), codigos!$E$2:$F$102, 2, FALSE) -> BAÑO 6 | C43: =VLOOKUP(VALUE(MID($A43,19,2)),codigos!$H$2:$I$62,2,1) & " " & VLOOKUP(VALUE(MID($A43,21,2)),codigos!$K$2:$L$12,2,FALSE) -> GALVANIZADO S/I | D43: JAVIER CEDILLO | E43: COT | F43: 00000725 | G43: 20/05/2025 | H43: 6 | I43: 0 | J43: =+H43-I43 -> 6
A44: Producto: 1103001119010101 / BISA BAÑO 7 GALVANIZADO | B44: =VLOOKUP(VALUE(MID($A44,13,2)), codigos!$A$2:$B$60, 2, 1) & " " & VLOOKUP(VALUE(MID($A44,15,4)), codigos!$E$2:$F$102, 2, FALSE) -> BAÑO 7 | C44: =VLOOKUP(VALUE(MID($A44,19,2)),codigos!$H$2:$I$62,2,1) & " " & VLOOKUP(VALUE(MID($A44,21,2)),codigos!$K$2:$L$12,2,FALSE) -> GALVANIZADO S/I | D44: JAVIER CEDILLO | E44: COT | F44: 00000725 | G44: 20/05/2025 | H44: 6 | I44: 0 | J44: =+H44-I44 -> 6
A45: Producto: 1103001219010101 / BISA BAÑO 8 GALVANIZADO | B45: =VLOOKUP(VALUE(MID($A45,13,2)), codigos!$A$2:$B$60, 2, 1) & " " & VLOOKUP(VALUE(MID($A45,15,4)), codigos!$E$2:$F$102, 2, FALSE) -> BAÑO 8 | C45: =VLOOKUP(VALUE(MID($A45,19,2)),codigos!$H$2:$I$62,2,1) & " " & VLOOKUP(VALUE(MID($A45,21,2)),codigos!$K$2:$L$12,2,FALSE) -> GALVANIZADO S/I | D45: JAVIER CEDILLO | E45: COT | F45: 00000725 | G45: 20/05/2025 | H45: 6 | I45: 0 | J45: =+H45-I45 -> 6
A46: Producto: 1103001319010101 / BISA BAÑO 10 GALVANIZADO | B46: =VLOOKUP(VALUE(MID($A46,13,2)), codigos!$A$2:$B$60, 2, 1) & " " & VLOOKUP(VALUE(MID($A46,15,4)), codigos!$E$2:$F$102, 2, FALSE) -> BAÑO 10 | C46: =VLOOKUP(VALUE(MID($A46,19,2)),codigos!$H$2:$I$62,2,1) & " " & VLOOKUP(VALUE(MID($A46,21,2)),codigos!$K$2:$L$12,2,FALSE) -> GALVANIZADO S/I | D46: JAVIER CEDILLO | E46: COT | F46: 00000725 | G46: 20/05/2025 | H46: 30 | I46: 0 | J46: =+H46-I46 -> 30
A47: Producto: 1103001419010101 / BISA BAÑO 12 GALVANIZADO | B47: =VLOOKUP(VALUE(MID($A47,13,2)), codigos!$A$2:$B$60, 2, 1) & " " & VLOOKUP(VALUE(MID($A47,15,4)), codigos!$E$2:$F$102, 2, FALSE) -> BAÑO 12 | C47: =VLOOKUP(VALUE(MID($A47,19,2)),codigos!$H$2:$I$62,2,1) & " " & VLOOKUP(VALUE(MID($A47,21,2)),codigos!$K$2:$L$12,2,FALSE) -> GALVANIZADO S/I | D47: JAVIER CEDILLO | E47: COT | F47: 00000725 | G47: 20/05/2025 | H47: 40 | I47: =34-25 -> 9 | J47: =+H47-I47 -> 31 | K47: =(SUM(I38:I47))/(SUM(H38:H47)) -> 0.076271186
A48: Producto: 2106002102010101 / BISA BUDINERA 18 A/T | B48: =VLOOKUP(VALUE(MID($A48,13,2)), codigos!$A$2:$B$60, 2, 1) & " " & VLOOKUP(VALUE(MID($A48,15,4)), codigos!$E$2:$F$102, 2, FALSE) -> BUDINERA 18 | C48: =VLOOKUP(VALUE(MID($A48,19,2)),codigos!$H$2:$I$62,2,1) & " " & VLOOKUP(VALUE(MID($A48,21,2)),codigos!$K$2:$L$12,2,FALSE) -> A/T S/I | D48: JAVIER CEDILLO | E48: BOC | F48: 00000019 | G48: 20/05/2025 | H48: 36 | I48: 0 | J48: =+H48-I48 -> 36 | M48: 45996
A49: Producto: 2106002602010101 / BISA BUDINERA 26 A/T | B49: =VLOOKUP(VALUE(MID($A49,13,2)), codigos!$A$2:$B$60, 2, 1) & " " & VLOOKUP(VALUE(MID($A49,15,4)), codigos!$E$2:$F$102, 2, FALSE) -> BUDINERA 26 | C49: =VLOOKUP(VALUE(MID($A49,19,2)),codigos!$H$2:$I$62,2,1) & " " & VLOOKUP(VALUE(MID($A49,21,2)),codigos!$K$2:$L$12,2,FALSE) -> A/T S/I | D49: JAVIER CEDILLO | E49: BOC | F49: 00000019 | G49: 20/05/2025 | H49: 12 | I49: 0 | J49: =+H49-I49 -> 12 | M49: 45996
A50: Producto: 2106003102010101 / BISA BUDINERA 34 A/T | B50: =VLOOKUP(VALUE(MID($A50,13,2)), codigos!$A$2:$B$60, 2, 1) & " " & VLOOKUP(VALUE(MID($A50,15,4)), codigos!$E$2:$F$102, 2, FALSE) -> BUDINERA 34 | C50: =VLOOKUP(VALUE(MID($A50,19,2)),codigos!$H$2:$I$62,2,1) & " " & VLOOKUP(VALUE(MID($A50,21,2)),codigos!$K$2:$L$12,2,FALSE) -> A/T S/I | D50: JAVIER CEDILLO | E50: BOC | F50: 00000019 | G50: 20/05/2025 | H50: 8 | I50: 0 | J50: =+H50-I50 -> 8 | M50: 45996
A51: Producto: 2124001702010101 / BISA OLLA CONVEXA 16 A/T | B51: =VLOOKUP(VALUE(MID($A51,13,2)), codigos!$A$2:$B$60, 2, 1) & " " & VLOOKUP(VALUE(MID($A51,15,4)), codigos!$E$2:$F$102, 2, FALSE) -> OLLA CONVEXA 16 | C51: =VLOOKUP(VALUE(MID($A51,19,2)),codigos!$H$2:$I$62,2,1) & " " & VLOOKUP(VALUE(MID($A51,21,2)),codigos!$K$2:$L$12,2,FALSE) -> A/T S/I | D51: JAVIER CEDILLO | E51: BOC | F51: 00000019 | G51: 20/05/2025 | H51: 24 | I51: 0 | J51: =+H51-I51 -> 24 | M51: 45996
A52: Producto: 2124002102010101 / BISA OLLA CONVEXA 18 A/T | B52: =VLOOKUP(VALUE(MID($A52,13,2)), codigos!$A$2:$B$60, 2, 1) & " " & VLOOKUP(VALUE(MID($A52,15,4)), codigos!$E$2:$F$102, 2, FALSE) -> OLLA CONVEXA 18 | C52: =VLOOKUP(VALUE(MID($A52,19,2)),codigos!$H$2:$I$62,2,1) & " " & VLOOKUP(VALUE(MID($A52,21,2)),codigos!$K$2:$L$12,2,FALSE) -> A/T S/I | D52: JAVIER CEDILLO | E52: BOC | F52: 00000019 | G52: 20/05/2025 | H52: 24 | I52: 0 | J52: =+H52-I52 -> 24 | M52: 45996
A53: Producto: 2124002202010101 / BISA OLLA CONVEXA 20 A/T | B53: =VLOOKUP(VALUE(MID($A53,13,2)), codigos!$A$2:$B$60, 2, 1) & " " & VLOOKUP(VALUE(MID($A53,15,4)), codigos!$E$2:$F$102, 2, FALSE) -> OLLA CONVEXA 20 | C53: =VLOOKUP(VALUE(MID($A53,19,2)),codigos!$H$2:$I$62,2,1) & " " & VLOOKUP(VALUE(MID($A53,21,2)),codigos!$K$2:$L$12,2,FALSE) -> A/T S/I | D53: JAVIER CEDILLO | E53: BOC | F53: 00000019 | G53: 20/05/2025 | H53: 12 | I53: 0 | J53: =+H53-I53 -> 12 | M53: 45996
A54: Producto: 2124002502010101 / BISA OLLA CONVEXA 24 A/T | B54: =VLOOKUP(VALUE(MID($A54,13,2)), codigos!$A$2:$B$60, 2, 1) & " " & VLOOKUP(VALUE(MID($A54,15,4)), codigos!$E$2:$F$102, 2, FALSE) -> OLLA CONVEXA 24 | C54: =VLOOKUP(VALUE(MID($A54,19,2)),codigos!$H$2:$I$62,2,1) & " " & VLOOKUP(VALUE(MID($A54,21,2)),codigos!$K$2:$L$12,2,FALSE) -> A/T S/I | D54: JAVIER CEDILLO | E54: BOC | F54: 00000019 | G54: 20/05/2025 | H54: 12 | I54: 0 | J54: =+H54-I54 -> 12 | M54: 45996
A55: Producto: 2124002902010101 / BISA OLLA CONVEXA 30 A/T | B55: =VLOOKUP(VALUE(MID($A55,13,2)), codigos!$A$2:$B$60, 2, 1) & " " & VLOOKUP(VALUE(MID($A55,15,4)), codigos!$E$2:$F$102, 2, FALSE) -> OLLA CONVEXA 30 | C55: =VLOOKUP(VALUE(MID($A55,19,2)),codigos!$H$2:$I$62,2,1) & " " & VLOOKUP(VALUE(MID($A55,21,2)),codigos!$K$2:$L$12,2,FALSE) -> A/T S/I | D55: JAVIER CEDILLO | E55: BOC | F55: 00000019 | G55: 20/05/2025 | H55: 4 | I55: 0 | J55: =+H55-I55 -> 4 | M55: 45996
A56: Producto: 2125001502010101 / BISA OLLA RECTA 14 A/T | B56: =VLOOKUP(VALUE(MID($A56,13,2)), codigos!$A$2:$B$60, 2, 1) & " " & VLOOKUP(VALUE(MID($A56,15,4)), codigos!$E$2:$F$102, 2, FALSE) -> OLLA RECTA 14 | C56: =VLOOKUP(VALUE(MID($A56,19,2)),codigos!$H$2:$I$62,2,1) & " " & VLOOKUP(VALUE(MID($A56,21,2)),codigos!$K$2:$L$12,2,FALSE) -> A/T S/I | D56: JAVIER CEDILLO | E56: BOC | F56: 00000019 | G56: 20/05/2025 | H56: 36 | I56: 0 | J56: =+H56-I56 -> 36 | M56: 45996
A57: Producto: 2125002902010101 / BISA OLLA RECTA 30 A/T | B57: =VLOOKUP(VALUE(MID($A57,13,2)), codigos!$A$2:$B$60, 2, 1) & " " & VLOOKUP(VALUE(MID($A57,15,4)), codigos!$E$2:$F$102, 2, FALSE) -> OLLA RECTA 30 | C57: =VLOOKUP(VALUE(MID($A57,19,2)),codigos!$H$2:$I$62,2,1) & " " & VLOOKUP(VALUE(MID($A57,21,2)),codigos!$K$2:$L$12,2,FALSE) -> A/T S/I | D57: JAVIER CEDILLO | E57: BOC | F57: 00000019 | G57: 20/05/2025 | H57: 4 | I57: 0 | J57: =+H57-I57 -> 4 | M57: 45996
A58: Producto: 2125003102010101 / BISA OLLA RECTA 34 A/T | B58: =VLOOKUP(VALUE(MID($A58,13,2)), codigos!$A$2:$B$60, 2, 1) & " " & VLOOKUP(VALUE(MID($A58,15,4)), codigos!$E$2:$F$102, 2, FALSE) -> OLLA RECTA 34 | C58: =VLOOKUP(VALUE(MID($A58,19,2)),codigos!$H$2:$I$62,2,1) & " " & VLOOKUP(VALUE(MID($A58,21,2)),codigos!$K$2:$L$12,2,FALSE) -> A/T S/I | D58: JAVIER CEDILLO | E58: BOC | F58: 00000019 | G58: 20/05/2025 | H58: 4 | I58: 0 | J58: =+H58-I58 -> 4 | M58: 45996
A59: Producto: 2133001302010101 / BISA POCILLO 10 A/T | B59: =VLOOKUP(VALUE(MID($A59,13,2)), codigos!$A$2:$B$60, 2, 1) & " " & VLOOKUP(VALUE(MID($A59,15,4)), codigos!$E$2:$F$102, 2, FALSE) -> POCILLO 10 | C59: =VLOOKUP(VALUE(MID($A59,19,2)),codigos!$H$2:$I$62,2,1) & " " & VLOOKUP(VALUE(MID($A59,21,2)),codigos!$K$2:$L$12,2,FALSE) -> A/T S/I | D59: JAVIER CEDILLO | E59: BOC | F59: 00000019 | G59: 20/05/2025 | H59: 120 | I59: 0 | J59: =+H59-I59 -> 120 | M59: 45996
... A62: Producto: 2136002402010101 / BISA SARTEN 22 A/T | B62: =VLOOKUP(VALUE(MID($A62,13,2)), codigos!$A$2:$B$60, 2, 1) & " " & VLOOKUP(VALUE(MID($A62,15,4)), codigos!$E$2:$F$102, 2, FALSE) -> SARTEN 22 | C62: =VLOOKUP(VALUE(MID($A62,19,2)),codigos!$H$2:$I$62,2,1) & " " & VLOOKUP(VALUE(MID($A62,21,2)),codigos!$K$2:$L$12,2,FALSE) -> A/T S/I | D62: JAVIER CEDILLO | E62: BOC | F62: 00000019 | G62: 20/05/2025 | H62: 12 | I62: 0 | J62: =+H62-I62 -> 12 | M62: 45996
A63: Producto: 2136002502010101 / BISA SARTEN 24 A/T | B63: =VLOOKUP(VALUE(MID($A63,13,2)), codigos!$A$2:$B$60, 2, 1) & " " & VLOOKUP(VALUE(MID($A63,15,4)), codigos!$E$2:$F$102, 2, FALSE) -> SARTEN 24 | C63: =VLOOKUP(VALUE(MID($A63,19,2)),codigos!$H$2:$I$62,2,1) & " " & VLOOKUP(VALUE(MID($A63,21,2)),codigos!$K$2:$L$12,2,FALSE) -> A/T S/I | D63: JAVIER CEDILLO | E63: BOC | F63: 00000019 | G63: 20/05/2025 | H63: 12 | I63: 0 | J63: =+H63-I63 -> 12 | K63: =(SUM(I48:I63))/(SUM(H48:H63)) -> 0 | M63: 45996
A64: Producto: 2106002214010101 / BISA BUDINERA 20 BICOLOR ROJO | B64: =VLOOKUP(VALUE(MID($A64,13,2)), codigos!$A$2:$B$60, 2, 1) & " " & VLOOKUP(VALUE(MID($A64,15,4)), codigos!$E$2:$F$102, 2, FALSE) -> BUDINERA 20 | C64: =VLOOKUP(VALUE(MID($A64,19,2)),codigos!$H$2:$I$62,2,1) & " " & VLOOKUP(VALUE(MID($A64,21,2)),codigos!$K$2:$L$12,2,FALSE) -> BICOLOR ROJO S/I | D64: FERIA DEL HOGAR / ROSENDO RAMIREZ | E64: COT | F64: 00000701 | G64: 04/02/2025 | H64: 18 | I64: 0 | J64: =+H64-I64 -> 18
A65: Producto: 2106002402010101 / BISA BUDINERA 22 A/T | B65: =VLOOKUP(VALUE(MID($A65,13,2)), codigos!$A$2:$B$60, 2, 1) & " " & VLOOKUP(VALUE(MID($A65,15,4)), codigos!$E$2:$F$102, 2, FALSE) -> BUDINERA 22 | C65: =VLOOKUP(VALUE(MID($A65,19,2)),codigos!$H$2:$I$62,2,1) & " " & VLOOKUP(VALUE(MID($A65,21,2)),codigos!$K$2:$L$12,2,FALSE) -> A/T S/I | D65: FERIA DEL HOGAR / ROSENDO RAMIREZ | E65: COT | F65: 00000701 | G65: 04/02/2025 | H65: 12 | I65: 0 | J65: =+H65-I65 -> 12
A66: Producto: 2106002502010101 / BISA BUDINERA 24 A/T | B66: =VLOOKUP(VALUE(MID($A66,13,2)), codigos!$A$2:$B$60, 2, 1) & " " & VLOOKUP(VALUE(MID($A66,15,4)), codigos!$E$2:$F$102, 2, FALSE) -> BUDINERA 24 | C66: =VLOOKUP(VALUE(MID($A66,19,2)),codigos!$H$2:$I$62,2,1) & " " & VLOOKUP(VALUE(MID($A66,21,2)),codigos!$K$2:$L$12,2,FALSE) -> A/T S/I | D66: FERIA DEL HOGAR / ROSENDO RAMIREZ | E66: COT | F66: 00000701 | G66: 04/02/2025 | H66: 12 | I66: 0 | J66: =+H66-I66 -> 12
A67: Producto: 2106002514010101 / BISA BUDINERA 24 BICOLOR ROJO | B67: =VLOOKUP(VALUE(MID($A67,13,2)), codigos!$A$2:$B$60, 2, 1) & " " & VLOOKUP(VALUE(MID($A67,15,4)), codigos!$E$2:$F$102, 2, FALSE) -> BUDINERA 24 | C67: =VLOOKUP(VALUE(MID($A67,19,2)),codigos!$H$2:$I$62,2,1) & " " & VLOOKUP(VALUE(MID($A67,21,2)),codigos!$K$2:$L$12,2,FALSE) -> BICOLOR ROJO S/I | D67: FERIA DEL HOGAR / ROSENDO RAMIREZ | E67: COT | F67: 00000701 | G67: 04/02/2025 | H67: 12 | I67: 0 | J67: =+H67-I67 -> 12
A68: Producto: 2106002602010101 / BISA BUDINERA 26 A/T | B68: =VLOOKUP(VALUE(MID($A68,13,2)), codigos!$A$2:$B$60, 2, 1) & " " & VLOOKUP(VALUE(MID($A68,15,4)), codigos!$E$2:$F$102, 2, FALSE) -> BUDINERA 26 | C68: =VLOOKUP(VALUE(MID($A68,19,2)),codigos!$H$2:$I$62,2,1) & " " & VLOOKUP(VALUE(MID($A68,21,2)),codigos!$K$2:$L$12,2,FALSE) -> A/T S/I | D68: FERIA DEL HOGAR / ROSENDO RAMIREZ | E68: COT | F68: 00000701 | G68: 04/02/2025 | H68: 12 | I68: 0 | J68: =+H68-I68 -> 12
A69: Producto: 2106002902010101 / BISA BUDINERA 30 A/T | B69: =VLOOKUP(VALUE(MID($A69,13,2)), codigos!$A$2:$B$60, 2, 1) & " " & VLOOKUP(VALUE(MID($A69,15,4)), codigos!$E$2:$F$102, 2, FALSE) -> BUDINERA 30 | C69: =VLOOKUP(VALUE(MID($A69,19,2)),codigos!$H$2:$I$62,2,1) & " " & VLOOKUP(VALUE(MID($A69,21,2)),codigos!$K$2:$L$12,2,FALSE) -> A/T S/I | D69: FERIA DEL HOGAR / ROSENDO RAMIREZ | E69: COT | F69: 00000701 | G69: 04/02/2025 | H69: 12 | I69: 0 | J69: =+H69-I69 -> 12
A70: Producto: 2106003102010101 / BISA BUDINERA 34 A/T | B70: =VLOOKUP(VALUE(MID($A70,13,2)), codigos!$A$2:$B$60, 2, 1) & " " & VLOOKUP(VALUE(MID($A70,15,4)), codigos!$E$2:$F$102, 2, FALSE) -> BUDINERA 34 | C70: =VLOOKUP(VALUE(MID($A70,19,2)),codigos!$H$2:$I$62,2,1) & " " & VLOOKUP(VALUE(MID($A70,21,2)),codigos!$K$2:$L$12,2,FALSE) -> A/T S/I | D70: FERIA DEL HOGAR / ROSENDO RAMIREZ | E70: COT | F70: 00000701 | G70: 04/02/2025 | H70: 4 | I70: 0 | J70: =+H70-I70 -> 4
A71: Producto: 2110002427010101 / BISA COMAL 22 NEGRO MOTAS | B71: =VLOOKUP(VALUE(MID($A71,13,2)), codigos!$A$2:$B$60, 2, 1) & " " & VLOOKUP(VALUE(MID($A71,15,4)), codigos!$E$2:$F$102, 2, FALSE) -> COMAL 22 | C71: =VLOOKUP(VALUE(MID($A71,19,2)),codigos!$H$2:$I$62,2,1) & " " & VLOOKUP(VALUE(MID($A71,21,2)),codigos!$K$2:$L$12,2,FALSE) -> NEGRO MOTAS S/I | D71: FERIA DEL HOGAR / ROSENDO RAMIREZ | E71: COT | F71: 00000701 | G71: 04/02/2025 | H71: 24 | I71: 0 | J71: =+H71-I71 -> 24
A72: Producto: 2110002827010101 / BISA COMAL 28 NEGRO MOTAS | B72: =VLOOKUP(VALUE(MID($A72,13,2)), codigos!$A$2:$B$60, 2, 1) & " " & VLOOKUP(VALUE(MID($A72,15,4)), codigos!$E$2:$F$102, 2, FALSE) -> COMAL 28 | C72: =VLOOKUP(VALUE(MID($A72,19,2)),codigos!$H$2:$I$62,2,1) & " " & VLOOKUP(VALUE(MID($A72,21,2)),codigos!$K$2:$L$12,2,FALSE) -> NEGRO MOTAS S/I | D72: FERIA DEL HOGAR / ROSENDO RAMIREZ | E72: COT | F72: 00000701 | G72: 04/02/2025 | H72: 24 | I72: 0 | J72: =+H72-I72 -> 24
A73: Producto: 2124001502010101 / BISA OLLA CONVEXA 14 A/T | B73: =VLOOKUP(VALUE(MID($A73,13,2)), codigos!$A$2:$B$60, 2, 1) & " " & VLOOKUP(VALUE(MID($A73,15,4)), codigos!$E$2:$F$102, 2, FALSE) -> OLLA CONVEXA 14 | C73: =VLOOKUP(VALUE(MID($A73,19,2)),codigos!$H$2:$I$62,2,1) & " " & VLOOKUP(VALUE(MID($A73,21,2)),codigos!$K$2:$L$12,2,FALSE) -> A/T S/I | D73: FERIA DEL HOGAR / ROSENDO RAMIREZ | E73: COT | F73: 00000701 | G73: 04/02/2025 | H73: 36 | I73: 0 | J73: =+H73-I73 -> 36
A74: Producto: 2124001702010101 / BISA OLLA CONVEXA 16 A/T | B74: =VLOOKUP(VALUE(MID($A74,13,2)), codigos!$A$2:$B$60, 2, 1) & " " & VLOOKUP(VALUE(MID($A74,15,4)), codigos!$E$2:$F$102, 2, FALSE) -> OLLA CONVEXA 16 | C74: =VLOOKUP(VALUE(MID($A74,19,2)),codigos!$H$2:$I$62,2,1) & " " & VLOOKUP(VALUE(MID($A74,21,2)),codigos!$K$2:$L$12,2,FALSE) -> A/T S/I | D74: FERIA DEL HOGAR / ROSENDO RAMIREZ | E74: COT | F74: 00000701 | G74: 04/02/2025 | H74: 24 | I74: 0 | J74: =+H74-I74 -> 24
A75: Producto: 2124002102010101 / BISA OLLA CONVEXA 18 A/T | B75: =VLOOKUP(VALUE(MID($A75,13,2)), codigos!$A$2:$B$60, 2, 1) & " " & VLOOKUP(VALUE(MID($A75,15,4)), codigos!$E$2:$F$102, 2, FALSE) -> OLLA CONVEXA 18 | C75: =VLOOKUP(VALUE(MID($A75,19,2)),codigos!$H$2:$I$62,2,1) & " " & VLOOKUP(VALUE(MID($A75,21,2)),codigos!$K$2:$L$12,2,FALSE) -> A/T S/I | D75: FERIA DEL HOGAR / ROSENDO RAMIREZ | E75: COT | F75: 00000701 | G75: 04/02/2025 | H75: 24 | I75: 0 | J75: =+H75-I75 -> 24
... A78: Producto: 2124002502010101 / BISA OLLA CONVEXA 24 A/T | B78: =VLOOKUP(VALUE(MID($A78,13,2)), codigos!$A$2:$B$60, 2, 1) & " " & VLOOKUP(VALUE(MID($A78,15,4)), codigos!$E$2:$F$102, 2, FALSE) -> OLLA CONVEXA 24 | C78: =VLOOKUP(VALUE(MID($A78,19,2)),codigos!$H$2:$I$62,2,1) & " " & VLOOKUP(VALUE(MID($A78,21,2)),codigos!$K$2:$L$12,2,FALSE) -> A/T S/I | D78: FERIA DEL HOGAR / ROSENDO RAMIREZ | E78: COT | F78: 00000701 | G78: 04/02/2025 | H78: 24 | I78: 0 | J78: =+H78-I78 -> 24
A79: Producto: 2124002902010101 / BISA OLLA CONVEXA 30 A/T | B79: =VLOOKUP(VALUE(MID($A79,13,2)), codigos!$A$2:$B$60, 2, 1) & " " & VLOOKUP(VALUE(MID($A79,15,4)), codigos!$E$2:$F$102, 2, FALSE) -> OLLA CONVEXA 30 | C79: =VLOOKUP(VALUE(MID($A79,19,2)),codigos!$H$2:$I$62,2,1) & " " & VLOOKUP(VALUE(MID($A79,21,2)),codigos!$K$2:$L$12,2,FALSE) -> A/T S/I | D79: FERIA DEL HOGAR / ROSENDO RAMIREZ | E79: COT | F79: 00000701 | G79: 45692 | H79: 8 | I79: 0 | J79: =+H79-I79 -> 8
A80: Producto: 2124003102010101 / BISA OLLA CONVEXA 34 A/T | B80: =VLOOKUP(VALUE(MID($A80,13,2)), codigos!$A$2:$B$60, 2, 1) & " " & VLOOKUP(VALUE(MID($A80,15,4)), codigos!$E$2:$F$102, 2, FALSE) -> OLLA CONVEXA 34 | C80: =VLOOKUP(VALUE(MID($A80,19,2)),codigos!$H$2:$I$62,2,1) & " " & VLOOKUP(VALUE(MID($A80,21,2)),codigos!$K$2:$L$12,2,FALSE) -> A/T S/I | D80: FERIA DEL HOGAR / ROSENDO RAMIREZ | E80: COT | F80: 00000701 | G80: 04/02/2025 | H80: 10 | I80: 0 | J80: =+H80-I80 -> 10
A81: Producto: 2125002202010101 / BISA OLLA RECTA 20 A/T | B81: =VLOOKUP(VALUE(MID($A81,13,2)), codigos!$A$2:$B$60, 2, 1) & " " & VLOOKUP(VALUE(MID($A81,15,4)), codigos!$E$2:$F$102, 2, FALSE) -> OLLA RECTA 20 | C81: =VLOOKUP(VALUE(MID($A81,19,2)),codigos!$H$2:$I$62,2,1) & " " & VLOOKUP(VALUE(MID($A81,21,2)),codigos!$K$2:$L$12,2,FALSE) -> A/T S/I | D81: FERIA DEL HOGAR / ROSENDO RAMIREZ | E81: COT | F81: 00000701 | G81: 04/02/2025 | H81: 24 | I81: 0 | J81: =+H81-I81 -> 24
A82: Producto: 2125002212010101 / BISA OLLA RECTA 20 BICOLOR NARANJA | B82: =VLOOKUP(VALUE(MID($A82,13,2)), codigos!$A$2:$B$60, 2, 1) & " " & VLOOKUP(VALUE(MID($A82,15,4)), codigos!$E$2:$F$102, 2, FALSE) -> OLLA RECTA 20 | C82: =VLOOKUP(VALUE(MID($A82,19,2)),codigos!$H$2:$I$62,2,1) & " " & VLOOKUP(VALUE(MID($A82,21,2)),codigos!$K$2:$L$12,2,FALSE) -> BICOLOR NARANJA S/I | D82: FERIA DEL HOGAR / ROSENDO RAMIREZ | E82: COT | F82: 00000701 | G82: 04/02/2025 | H82: 12 | I82: 0 | J82: =+H82-I82 -> 12
A83: Producto: 2125002402010101 / BISA OLLA RECTA 22 A/T | B83: =VLOOKUP(VALUE(MID($A83,13,2)), codigos!$A$2:$B$60, 2, 1) & " " & VLOOKUP(VALUE(MID($A83,15,4)), codigos!$E$2:$F$102, 2, FALSE) -> OLLA RECTA 22 | C83: =VLOOKUP(VALUE(MID($A83,19,2)),codigos!$H$2:$I$62,2,1) & " " & VLOOKUP(VALUE(MID($A83,21,2)),codigos!$K$2:$L$12,2,FALSE) -> A/T S/I | D83: FERIA DEL HOGAR / ROSENDO RAMIREZ | E83: COT | F83: 00000701 | G83: 04/02/2025 | H83: 12 | I83: 0 | J83: =+H83-I83 -> 12
A84: Producto: 2125002502010101 / BISA OLLA RECTA 24 A/T | B84: =VLOOKUP(VALUE(MID($A84,13,2)), codigos!$A$2:$B$60, 2, 1) & " " & VLOOKUP(VALUE(MID($A84,15,4)), codigos!$E$2:$F$102, 2, FALSE) -> OLLA RECTA 24 | C84: =VLOOKUP(VALUE(MID($A84,19,2)),codigos!$H$2:$I$62,2,1) & " " & VLOOKUP(VALUE(MID($A84,21,2)),codigos!$K$2:$L$12,2,FALSE) -> A/T S/I | D84: FERIA DEL HOGAR / ROSENDO RAMIREZ | E84: COT | F84: 00000701 | G84: 04/02/2025 | H84: 12 | I84: 0 | J84: =+H84-I84 -> 12
A85: Producto: 2125002512010101 / BISA OLLA RECTA 24 BICOLOR NARANJA | B85: =VLOOKUP(VALUE(MID($A85,13,2)), codigos!$A$2:$B$60, 2, 1) & " " & VLOOKUP(VALUE(MID($A85,15,4)), codigos!$E$2:$F$102, 2, FALSE) -> OLLA RECTA 24 | C85: =VLOOKUP(VALUE(MID($A85,19,2)),codigos!$H$2:$I$62,2,1) & " " & VLOOKUP(VALUE(MID($A85,21,2)),codigos!$K$2:$L$12,2,FALSE) -> BICOLOR NARANJA S/I | D85: FERIA DEL HOGAR / ROSENDO RAMIREZ | E85: COT | F85: 00000701 | G85: 04/02/2025 | H85: 6 | I85: 0 | J85: =+H85-I85 -> 6
A86: Producto: 2125002602010101 / BISA OLLA RECTA 26 A/T | B86: =VLOOKUP(VALUE(MID($A86,13,2)), codigos!$A$2:$B$60, 2, 1) & " " & VLOOKUP(VALUE(MID($A86,15,4)), codigos!$E$2:$F$102, 2, FALSE) -> OLLA RECTA 26 | C86: =VLOOKUP(VALUE(MID($A86,19,2)),codigos!$H$2:$I$62,2,1) & " " & VLOOKUP(VALUE(MID($A86,21,2)),codigos!$K$2:$L$12,2,FALSE) -> A/T S/I | D86: FERIA DEL HOGAR / ROSENDO RAMIREZ | E86: COT | F86: 00000701 | G86: 04/02/2025 | H86: 6 | I86: 0 | J86: =+H86-I86 -> 6
A87: Producto: 2125002802010101 / BISA OLLA RECTA 28 A/T | B87: =VLOOKUP(VALUE(MID($A87,13,2)), codigos!$A$2:$B$60, 2, 1) & " " & VLOOKUP(VALUE(MID($A87,15,4)), codigos!$E$2:$F$102, 2, FALSE) -> OLLA RECTA 28 | C87: =VLOOKUP(VALUE(MID($A87,19,2)),codigos!$H$2:$I$62,2,1) & " " & VLOOKUP(VALUE(MID($A87,21,2)),codigos!$K$2:$L$12,2,FALSE) -> A/T S/I | D87: FERIA DEL HOGAR / ROSENDO RAMIREZ | E87: COT | F87: 00000701 | G87: 04/02/2025 | H87: 4 | I87: 0 | J87: =+H87-I87 -> 4
A88: Producto: 2125002902010101 / BISA OLLA RECTA 30 A/T | B88: =VLOOKUP(VALUE(MID($A88,13,2)), codigos!$A$2:$B$60, 2, 1) & " " & VLOOKUP(VALUE(MID($A88,15,4)), codigos!$E$2:$F$102, 2, FALSE) -> OLLA RECTA 30 | C88: =VLOOKUP(VALUE(MID($A88,19,2)),codigos!$H$2:$I$62,2,1) & " " & VLOOKUP(VALUE(MID($A88,21,2)),codigos!$K$2:$L$12,2,FALSE) -> A/T S/I | D88: FERIA DEL HOGAR / ROSENDO RAMIREZ | E88: COT | F88: 00000701 | G88: 04/02/2025 | H88: 15 | I88: 0 | J88: =+H88-I88 -> 15
A89: Producto: 2125003302010101 / BISA OLLA RECTA 42 A/T | B89: =VLOOKUP(VALUE(MID($A89,13,2)), codigos!$A$2:$B$60, 2, 1) & " " & VLOOKUP(VALUE(MID($A89,15,4)), codigos!$E$2:$F$102, 2, FALSE) -> OLLA RECTA 42 | C89: =VLOOKUP(VALUE(MID($A89,19,2)),codigos!$H$2:$I$62,2,1) & " " & VLOOKUP(VALUE(MID($A89,21,2)),codigos!$K$2:$L$12,2,FALSE) -> A/T S/I | D89: FERIA DEL HOGAR / ROSENDO RAMIREZ | E89: COT | F89: 00000701 | G89: 04/02/2025 | H89: 2 | I89: 0 | J89: =+H89-I89 -> 2
A90: Producto: 2136002402010101 / BISA SARTEN 22 A/T | B90: =VLOOKUP(VALUE(MID($A90,13,2)), codigos!$A$2:$B$60, 2, 1) & " " & VLOOKUP(VALUE(MID($A90,15,4)), codigos!$E$2:$F$102, 2, FALSE) -> SARTEN 22 | C90: =VLOOKUP(VALUE(MID($A90,19,2)),codigos!$H$2:$I$62,2,1) & " " & VLOOKUP(VALUE(MID($A90,21,2)),codigos!$K$2:$L$12,2,FALSE) -> A/T S/I | D90: FERIA DEL HOGAR / ROSENDO RAMIREZ | E90: COT | F90: 00000701 | G90: 04/02/2025 | H90: 24 | I90: 0 | J90: =+H90-I90 -> 24
A91: Producto: 2136002602010101 / BISA SARTEN 26 A/T | B91: =VLOOKUP(VALUE(MID($A91,13,2)), codigos!$A$2:$B$60, 2, 1) & " " & VLOOKUP(VALUE(MID($A91,15,4)), codigos!$E$2:$F$102, 2, FALSE) -> SARTEN 26 | C91: =VLOOKUP(VALUE(MID($A91,19,2)),codigos!$H$2:$I$62,2,1) & " " & VLOOKUP(VALUE(MID($A91,21,2)),codigos!$K$2:$L$12,2,FALSE) -> A/T S/I | D91: FERIA DEL HOGAR / ROSENDO RAMIREZ | E91: COT | F91: 00000701 | G91: 04/02/2025 | H91: 24 | I91: 0 | J91: =+H91-I91 -> 24
A92: Producto: 2144003102010101 / BISA VAPORERA 34 A/T | B92: =VLOOKUP(VALUE(MID($A92,13,2)), codigos!$A$2:$B$60, 2, 1) & " " & VLOOKUP(VALUE(MID($A92,15,4)), codigos!$E$2:$F$102, 2, FALSE) -> VAPORERA 34 | C92: =VLOOKUP(VALUE(MID($A92,19,2)),codigos!$H$2:$I$62,2,1) & " " & VLOOKUP(VALUE(MID($A92,21,2)),codigos!$K$2:$L$12,2,FALSE) -> A/T S/I | D92: FERIA DEL HOGAR / ROSENDO RAMIREZ | E92: COT | F92: 00000701 | G92: 04/02/2025 | H92: 8 | I92: 0 | J92: =+H92-I92 -> 8
A93: Producto: 2125009902010101 / BISA OLLA RECTA 38 A/T | B93: =VLOOKUP(VALUE(MID($A93,13,2)), codigos!$A$2:$B$60, 2, 1) & " " & VLOOKUP(VALUE(MID($A93,15,4)), codigos!$E$2:$F$102, 2, FALSE) -> OLLA RECTA 38 | C93: =VLOOKUP(VALUE(MID($A93,19,2)),codigos!$H$2:$I$62,2,1) & " " & VLOOKUP(VALUE(MID($A93,21,2)),codigos!$K$2:$L$12,2,FALSE) -> A/T S/I | D93: FERIA DEL HOGAR / ROSENDO RAMIREZ | E93: COT | F93: 00000701 | G93: 04/02/2025 | H93: 8 | I93: 0 | J93: =+H93-I93 -> 8 | K93: =(SUM(I64:I93))/(SUM(H64:H93)) -> 0
A94: CANCELADOS
A95: Producto: 1103001319010101 / BISA BAÑO 10 GALVANIZADO | B95: =VLOOKUP(VALUE(MID($A95,13,2)), codigos!$A$2:$B$60, 2, 1) & " " & VLOOKUP(VALUE(MID($A95,15,4)), codigos!$E$2:$F$102, 2, FALSE) -> BAÑO 10 | C95: =VLOOKUP(VALUE(MID($A95,19,2)),codigos!$H$2:$I$62,2,1) & " " & VLOOKUP(VALUE(MID($A95,21,2)),codigos!$K$2:$L$12,2,FALSE) -> GALVANIZADO S/I | D95: FRANCISCO SANTIAGO | E95: COT | F95: 00000766 | G95: 29/10/2025 | H95: 30 | I95: 0 | J95: =+H95-I95 -> 30 | K95: =(SUM(I95:I96))/(SUM(H95:H96)) -> 0
A96: Producto: 1103001419010101 / BISA BAÑO 12 GALVANIZADO | B96: =VLOOKUP(VALUE(MID($A96,13,2)), codigos!$A$2:$B$60, 2, 1) & " " & VLOOKUP(VALUE(MID($A96,15,4)), codigos!$E$2:$F$102, 2, FALSE) -> BAÑO 12 | C96: =VLOOKUP(VALUE(MID($A96,19,2)),codigos!$H$2:$I$62,2,1) & " " & VLOOKUP(VALUE(MID($A96,21,2)),codigos!$K$2:$L$12,2,FALSE) -> GALVANIZADO S/I | D96: FRANCISCO SANTIAGO | E96: COT | F96: 00000766 | G96: 29/10/2025 | H96: 30 | I96: 0 | J96: =+H96-I96 -> 30
A97: Producto: 2126002202010101 / BISA PLATO AVENERO 20 A/T | B97: =VLOOKUP(VALUE(MID($A97,13,2)), codigos!$A$2:$B$60, 2, 1) & " " & VLOOKUP(VALUE(MID($A97,15,4)), codigos!$E$2:$F$102, 2, FALSE) -> PLATO AVENERO 20 | C97: =VLOOKUP(VALUE(MID($A97,19,2)),codigos!$H$2:$I$62,2,1) & " " & VLOOKUP(VALUE(MID($A97,21,2)),codigos!$K$2:$L$12,2,FALSE) -> A/T S/I | D97: FRANCISCO SANTIAGO | E97: COT | F97: 00000767 | G97: 29/10/2025 | H97: 480 | I97: 0 | J97: =+H97-I97 -> 480 | K97: =(SUM(I97:I98))/(SUM(H97:H98)) -> 0
A98: Producto: 2126002216050101 / BISA PLATO AVENERO 20 BLANCO C/F NEGRO | B98: =VLOOKUP(VALUE(MID($A98,13,2)), codigos!$A$2:$B$60, 2, 1) & " " & VLOOKUP(VALUE(MID($A98,15,4)), codigos!$E$2:$F$102, 2, FALSE) -> PLATO AVENERO 20 | C98: =VLOOKUP(VALUE(MID($A98,19,2)),codigos!$H$2:$I$62,2,1) & " " & VLOOKUP(VALUE(MID($A98,21,2)),codigos!$K$2:$L$12,2,FALSE) -> BLANCO NEGRO | D98: FRANCISCO SANTIAGO | E98: COT | F98: 00000767 | G98: 29/10/2025 | H98: 480 | I98: 0 | J98: =+H98-I98 -> 480
A99: Producto: 2104005501010101 / BISA BATERIA ALASKA | B99: =VLOOKUP(VALUE(MID($A99,13,2)), [2]codigos!$A$2:$B$60, 2, 1) & " " & VLOOKUP(VALUE(MID($A99,15,4)), [2]codigos!$E$2:$F$102, 2, FALSE) -> BATERIA ALASKA | C99: =VLOOKUP(VALUE(MID($A99,19,2)),[2]codigos!$H$2:$I$62,2,1) & " " & VLOOKUP(VALUE(MID($A99,21,2)),[2]codigos!$K$2:$L$12,2,FALSE) -> S/I S/I | D99: IMPULSORA DE CRISTALERIAS TENORIO | E99: BO | F99: 00000829 | G99: 27/06/2025 | H99: 20 | I99: 0 | J99: =H99-I99 -> 20 | K99: =(SUM(I99:I102))/(SUM(H99:H102)) -> 0
A100: Producto: 2106003302010101 / BISA BUDINERA 42 A/T | B100: =VLOOKUP(VALUE(MID($A100,13,2)), [2]codigos!$A$2:$B$60, 2, 1) & " " & VLOOKUP(VALUE(MID($A100,15,4)), [2]codigos!$E$2:$F$102, 2, FALSE) -> BUDINERA 42 | C100: =VLOOKUP(VALUE(MID($A100,19,2)),[2]codigos!$H$2:$I$62,2,1) & " " & VLOOKUP(VALUE(MID($A100,21,2)),[2]codigos!$K$2:$L$12,2,FALSE) -> A/T S/I | D100: IMPULSORA DE CRISTALERIAS TENORIO | E100: BO | F100: 00000829 | G100: 27/06/2025 | H100: 60 | I100: 0 | J100: =H100-I100 -> 60
A101: Producto: 2136002402010101 / BISA SARTEN 22 A/T | B101: =VLOOKUP(VALUE(MID($A101,13,2)), [2]codigos!$A$2:$B$60, 2, 1) & " " & VLOOKUP(VALUE(MID($A101,15,4)), [2]codigos!$E$2:$F$102, 2, FALSE) -> SARTEN 22 | C101: =VLOOKUP(VALUE(MID($A101,19,2)),[2]codigos!$H$2:$I$62,2,1) & " " & VLOOKUP(VALUE(MID($A101,21,2)),[2]codigos!$K$2:$L$12,2,FALSE) -> A/T S/I | D101: IMPULSORA DE CRISTALERIAS TENORIO | E101: BO | F101: 00000829 | G101: 27/06/2025 | H101: 120 | I101: 0 | J101: =H101-I101 -> 120
A102: Producto: 2136002502010101 / BISA SARTEN 24 A/T | B102: =VLOOKUP(VALUE(MID($A102,13,2)), [2]codigos!$A$2:$B$60, 2, 1) & " " & VLOOKUP(VALUE(MID($A102,15,4)), [2]codigos!$E$2:$F$102, 2, FALSE) -> SARTEN 24 | C102: =VLOOKUP(VALUE(MID($A102,19,2)),[2]codigos!$H$2:$I$62,2,1) & " " & VLOOKUP(VALUE(MID($A102,21,2)),[2]codigos!$K$2:$L$12,2,FALSE) -> A/T S/I | D102: IMPULSORA DE CRISTALERIAS TENORIO | E102: BO | F102: 00000829 | G102: 27/06/2025 | H102: 120 | I102: 0 | J102: =H102-I102 -> 120
A103: Producto: 2124002902010101 / BISA OLLA CONVEXA 30 A/T | B103: =VLOOKUP(VALUE(MID($C103,13,2)), [2]codigos!$A$2:$B$60, 2, 1) & " " & VLOOKUP(VALUE(MID($C103,15,4)), [2]codigos!$E$2:$F$102, 2, FALSE) -> OLLA CONVEXA 30 | C103: =VLOOKUP(VALUE(MID($C103,19,2)),[2]codigos!$H$2:$I$62,2,1) & " " & VLOOKUP(VALUE(MID($C103,21,2)),[2]codigos!$K$2:$L$12,2,FALSE) -> A/T S/I | D103: ANA MERCEDES ZAMUDIO | E103: BO | F103: 00000910 | G103: 28/08/2025 | H103: 4 | I103: 0 | J103: =H103-I103 -> 4 | K103: =(SUM(I103:I127))/(SUM(H103:H127)) -> 0
A104: Producto: 2106001402010101 / BISA BUDINERA 12 A/T | B104: =VLOOKUP(VALUE(MID($C104,13,2)), [2]codigos!$A$2:$B$60, 2, 1) & " " & VLOOKUP(VALUE(MID($C104,15,4)), [2]codigos!$E$2:$F$102, 2, FALSE) -> BUDINERA 12 | C104: =VLOOKUP(VALUE(MID($C104,19,2)),[2]codigos!$H$2:$I$62,2,1) & " " & VLOOKUP(VALUE(MID($C104,21,2)),[2]codigos!$K$2:$L$12,2,FALSE) -> A/T S/I | D104: ANA MERCEDES ZAMUDIO | E104: BO | F104: 00000910 | G104: 24/11/2025 | H104: 90 | I104: 0 | J104: =H104-I104 -> 90
A105: Producto: 2106001502010101 / BISA BUDINERA 14 A/T | B105: =VLOOKUP(VALUE(MID($C105,13,2)), [2]codigos!$A$2:$B$60, 2, 1) & " " & VLOOKUP(VALUE(MID($C105,15,4)), [2]codigos!$E$2:$F$102, 2, FALSE) -> BUDINERA 14 | C105: =VLOOKUP(VALUE(MID($C105,19,2)),[2]codigos!$H$2:$I$62,2,1) & " " & VLOOKUP(VALUE(MID($C105,21,2)),[2]codigos!$K$2:$L$12,2,FALSE) -> A/T S/I | D105: ANA MERCEDES ZAMUDIO | E105: BO | F105: 00000910 | G105: 24/11/2025 | H105: 90 | I105: 0 | J105: =H105-I105 -> 90
A106: Producto: 2106001702010101 / BISA BUDINERA 16 A/T | B106: =VLOOKUP(VALUE(MID($C106,13,2)), [2]codigos!$A$2:$B$60, 2, 1) & " " & VLOOKUP(VALUE(MID($C106,15,4)), [2]codigos!$E$2:$F$102, 2, FALSE) -> BUDINERA 16 | C106: =VLOOKUP(VALUE(MID($C106,19,2)),[2]codigos!$H$2:$I$62,2,1) & " " & VLOOKUP(VALUE(MID($C106,21,2)),[2]codigos!$K$2:$L$12,2,FALSE) -> A/T S/I | D106: ANA MERCEDES ZAMUDIO | E106: BO | F106: 00000910 | G106: 24/11/2025 | H106: 72 | I106: 0 | J106: =H106-I106 -> 72
A107: Producto: 2106002102010101 / BISA BUDINERA 18 A/T | B107: =VLOOKUP(VALUE(MID($C107,13,2)), [2]codigos!$A$2:$B$60, 2, 1) & " " & VLOOKUP(VALUE(MID($C107,15,4)), [2]codigos!$E$2:$F$102, 2, FALSE) -> BUDINERA 18 | C107: =VLOOKUP(VALUE(MID($C107,19,2)),[2]codigos!$H$2:$I$62,2,1) & " " & VLOOKUP(VALUE(MID($C107,21,2)),[2]codigos!$K$2:$L$12,2,FALSE) -> A/T S/I | D107: ANA MERCEDES ZAMUDIO | E107: BO | F107: 00000910 | G107: 24/11/2025 | H107: 72 | I107: 0 | J107: =H107-I107 -> 72
A108: Producto: 2106002202010101 / BISA BUDINERA 20 A/T | B108: =VLOOKUP(VALUE(MID($C108,13,2)), [2]codigos!$A$2:$B$60, 2, 1) & " " & VLOOKUP(VALUE(MID($C108,15,4)), [2]codigos!$E$2:$F$102, 2, FALSE) -> BUDINERA 20 | C108: =VLOOKUP(VALUE(MID($C108,19,2)),[2]codigos!$H$2:$I$62,2,1) & " " & VLOOKUP(VALUE(MID($C108,21,2)),[2]codigos!$K$2:$L$12,2,FALSE) -> A/T S/I | D108: ANA MERCEDES ZAMUDIO | E108: BO | F108: 00000910 | G108: 24/11/2025 | H108: 72 | I108: 0 | J108: =H108-I108 -> 72
...

Sheet Estatus 2025
D4: Días de entrega | E4: Piezas pedidas | F4: Piezas asignadas | G4: Piezas x entregar | H4: Porcentaje de cumplimiento | I4: Días de entrega promedio | J4: Faltantes por entregar | K4: Porcentaje de entrega
C5: 45918 | D5: -57.826879 | E5: 120979 | F5: 41767 | G5: 79237 | H5: 0.41444911 | I5: 57.917092 | J5: 71489 | K5: 0.87576691
C6: 45930 | D6: -59.700456 | E6: 100952 | F6: 27858 | G6: 73119 | H6: 0.40413383 | I6: 56.491052 | J6: 74280 | K6: 0.88291878
C7: 45946 | D7: -58.088268 | E7: 123474 | F7: 29331 | G7: 94144 | H7: 0.40102475 | I7: 57.208471 | J7: 75398 | K7: 0.8852137
C8: 45961 | D8: -57.439106 | E8: 120907 | F8: 40868 | G8: 80039 | H8: 0.44728827 | I8: 57.905896 | J8: 75943 | K8: 0.88196885
C9: 45981 | D9: -59 | E9: 141782 | F9: 54314 | G9: 87468 | H9: 0.39 | I9: 58 | J9: 79455 | K9: 0.89
C10: 45996 | D10: -58.560926 | E10: 117605 | F10: 64993 | G10: 52612 | H10: 0.54 | I10: 59 | J10: 81086.746 | K10: 0.88974791

Sheet codigos
A1: ARTICULO --00 | E1: MODELO ----0000 | H1: COLOR ---- ---- 00-- | K1: FILETE ---- ---- --00
A2: 1 | B2: BACINICA | E2: 1 | F2: S/I | H2: 1 | I2: S/I | K2: 1 | L2: S/I
A3: 2 | B3: BANDEJA | E3: 2 | F3: 0 | H3: 2 | I3: A/T | K3: 2 | L3: AQUA
A4: 3 | B4: BAÑO | E4: 3 | F4: 0 | H4: 3 | I4: AMARILLO | K4: 3 | L4: COBALTO
A5: 4 | B5: BATERIA | E5: 4 | F5: 0 | H5: 4 | I5: AMBAR | K5: 4 | L5: GRIS
A6: 5 | B6: BOTE BASURA | E6: 5 | F6: 1 | H6: 5 | I6: AQUA | K6: 5 | L6: NEGRO
A7: 6 | B7: BUDINERA | E7: 6 | F7: 2 | H7: 6 | I7: AZUL | K7: 6 | L7: NEVADO
A8: 7 | B8: CAZO | E8: 7 | F8: 3 | H8: 7 | I8: BERENJENA | K8: 7 | L8: ROJO
A9: 8 | B9: CAZUELA | E9: 8 | F9: 4 | H9: 8 | I9: BICOLOR | K9: 8 | L9: ROSA
A10: 9 | B10: CHAROLA DE SERVICIO | E10: 9 | F10: 5 | H10: 9 | I10: BICOLOR AMARILLO | K10: 9 | L10: VERDE
A11: 10 | B11: COMAL | E11: 10 | F11: 6 | H11: 10 | I11: BICOLOR AZUL | K11: 10 | L11: AZUL
A12: 11 | B12: CUBETA | E12: 11 | F12: 7 | H12: 11 | I12: BICOLOR COBALTO | K12: 11 | L12: CAFÉ
A13: 12 | B13: CUCHARA | E13: 12 | F13: 8 | H13: 12 | I13: BICOLOR NARANJA
A14: 13 | B14: CUCHILLO | E14: 13 | F14: 10 | H14: 13 | I14: BICOLOR NEGRO MOTAS
A15: 14 | B15: DESPACHADOR AGUA | E15: 14 | F15: 12 | H15: 14 | I15: BICOLOR ROJO
A16: 15 | B16: ENSALADERA | E16: 15 | F16: 14 | H16: 15 | I16: BICOLOR VERDE
A17: 16 | B17: FLORERO | E17: 16 | F17: 15.5 | H17: 16 | I17: BLANCO
A18: 17 | B18: FRESH CONTENEDOR | E18: 17 | F18: 16 | H18: 17 | I18: COBALTO
A19: 18 | B19: FUENTE PARA HORNO | E19: 18 | F19: 16.5 | H19: 18 | I19: COBALTO MOTAS
A20: 19 | B20: JARRA RECTA | E20: 19 | F20: 17 | H20: 19 | I20: GALVANIZADO
A21: 20 | B21: JICARA | E21: 20 | F21: 17.5 | H21: 20 | I21: GENERICO
A22: 21 | B22: JUEGO | E22: 21 | F22: 18 | H22: 21 | I22: GRIS
A23: 22 | B23: MULTIUSOS | E23: 22 | F23: 20 | H23: 22 | I23: HUMO
A24: 23 | B24: MULTIUSOS RAYADO | E24: 23 | F24: 20.5 | H24: 23 | I24: NARANJA
... A37: 36 | B37: SARTEN | E37: 36 | F37: 5250 | H37: 36 | I37: TRASLUCIDO AZUL
A38: 37 | B38: TAMALERA | E38: 37 | F38: 2.5 LTS | H38: 37 | I38: TRASLUCIDO AZUL REY
A39: 38 | B39: TAZA BISTRO | E39: 38 | F39: 19 LTS | H39: 38 | I39: TRASLUCIDO BERENJENA
A40: 39 | B40: TAZON | E40: 39 | F40: 75 LTS | H40: 39 | I40: TRASLUCIDO HUMO
A41: 40 | B41: TAZON INCLINADO | E41: 40 | F41: 400 ML | H41: 40 | I41: TRASLUCIDO MORADO
A42: 41 | B42: TENEDOR | E42: 41 | F42: 500 ML | H42: 41 | I42: TRASLUCIDO ROJO
A43: 42 | B43: TORTILLERO | E43: 42 | F43: 1500 ML | H43: 42 | I43: TRASLUCIDO ROSA
A44: 43 | B44: VAJILLA | E44: 43 | F44: 3+3 | H44: 43 | I44: TRASLUCIDO A/T
A45: 44 | B45: VAPORERA | E45: 44 | F45: 5+5 | H45: 44 | I45: TRASLUCIDO VERDE
A46: 45 | B46: VASO | E46: 45 | F46: 30X20 | H46: 45 | I46: TRASLUCIDO VERDE BOTELLA
A47: 46 | B47: VASO AGUA | E47: 46 | F47: 40X30 | H47: 46 | I47: TRIGO/CREMA
A48: 47 | B48: VASO OLD FASHION | E48: 47 | F48: A | H48: 47 | I48: VERDE
A49: 48 | B49: VASO RECTO | E49: 48 | F49: B | H49: 48 | I49: VERDE BOTELLA
... A60: 59 | B60: CUBETA SIN ASA SIN OREJA | E60: 59 | F60: BISTRO | H60: 59 | I60: ARENA
E61: 60 | F61: BODEGON | H61: 60 | I61: NEGRO PIEDRA
E62: 61 | F62: CAMPESTRE | H62: 61 | I62: ENCORE
